,Unnamed: 0,PDB,Residue,Chain,Residue no.,Gene,Epitope
17809,17809,3qdm,C,D,88,TRA,AAGIGILTV
17810,17810,3qdm,A,D,89,TRA,AAGIGILTV
17811,17811,3qdm,G,D,90,TRA,AAGIGILTV
17812,17812,3qdm,G,D,91,TRA,AAGIGILTV
17813,17813,3qdm,T,D,92,TRA,AAGIGILTV
17814,17814,3qdm,G,D,93,TRA,AAGIGILTV
17815,17815,3qdm,N,D,94,TRA,AAGIGILTV
17816,17816,3qdm,Q,D,95,TRA,AAGIGILTV
17817,17817,3qdm,F,D,96,TRA,AAGIGILTV
17818,17818,3qdm,Y,D,97,TRA,AAGIGILTV
17819,17819,3qdm,F,D,98,TRA,AAGIGILTV
8752,8752,4l3e,C,D,88,TRA,AAGIGILTV
8753,8753,4l3e,A,D,89,TRA,AAGIGILTV
8754,8754,4l3e,V,D,90,TRA,AAGIGILTV
8755,8755,4l3e,N,D,91,TRA,AAGIGILTV
8756,8756,4l3e,F,D,92,TRA,AAGIGILTV
26510,26510,3qdg,C,E,94,TRB,AAGIGILTV
26511,26511,3qdg,A,E,95,TRB,AAGIGILTV
26512,26512,3qdg,S,E,96,TRB,AAGIGILTV
26513,26513,3qdg,S,E,97,TRB,AAGIGILTV
26514,26514,3qdg,L,E,98,TRB,AAGIGILTV
26515,26515,3qdg,S,E,99,TRB,AAGIGILTV
26516,26516,3qdg,F,E,100,TRB,AAGIGILTV
26517,26517,3qdg,G,E,101,TRB,AAGIGILTV
26518,26518,3qdg,T,E,102,TRB,AAGIGILTV
26519,26519,3qdg,E,E,103,TRB,AAGIGILTV
26520,26520,3qdg,A,E,104,TRB,AAGIGILTV
26521,26521,3qdg,F,E,105,TRB,AAGIGILTV
26522,26522,3qdg,F,E,106,TRB,AAGIGILTV
18007,18007,3qdm,C,E,91,TRB,AAGIGILTV
18008,18008,3qdm,A,E,92,TRB,AAGIGILTV
18009,18009,3qdm,I,E,93,TRB,AAGIGILTV
18010,18010,3qdm,S,E,94,TRB,AAGIGILTV
18011,18011,3qdm,E,E,95,TRB,AAGIGILTV
18012,18012,3qdm,V,E,96,TRB,AAGIGILTV
18013,18013,3qdm,G,E,97,TRB,AAGIGILTV
18014,18014,3qdm,V,E,98,TRB,AAGIGILTV
18015,18015,3qdm,G,E,99,TRB,AAGIGILTV
18016,18016,3qdm,Q,E,100,TRB,AAGIGILTV
18017,18017,3qdm,P,E,101,TRB,AAGIGILTV
18018,18018,3qdm,Q,E,102,TRB,AAGIGILTV
18019,18019,3qdm,H,E,103,TRB,AAGIGILTV
18020,18020,3qdm,F,E,104,TRB,AAGIGILTV
22914,22914,4eup,C,G,90,TRA,ALGIGILTV
22915,22915,4eup,A,G,91,TRA,ALGIGILTV
22916,22916,4eup,V,G,92,TRA,ALGIGILTV
22917,22917,4eup,S,G,93,TRA,ALGIGILTV
22918,22918,4eup,G,G,94,TRA,ALGIGILTV
22919,22919,4eup,G,G,95,TRA,ALGIGILTV
22920,22920,4eup,G,G,96,TRA,ALGIGILTV
22921,22921,4eup,A,G,97,TRA,ALGIGILTV
22922,22922,4eup,D,G,98,TRA,ALGIGILTV
22923,22923,4eup,G,G,99,TRA,ALGIGILTV
22924,22924,4eup,L,G,100,TRA,ALGIGILTV
22925,22925,4eup,T,G,101,TRA,ALGIGILTV
22926,22926,4eup,F,G,102,TRA,ALGIGILTV
22307,22307,4eup,C,H,91,TRB,ALGIGILTV
22308,22308,4eup,A,H,92,TRB,ALGIGILTV
22309,22309,4eup,S,H,93,TRB,ALGIGILTV
22310,22310,4eup,S,H,94,TRB,ALGIGILTV
22311,22311,4eup,F,H,95,TRB,ALGIGILTV
22312,22312,4eup,L,H,96,TRB,ALGIGILTV
22313,22313,4eup,G,H,97,TRB,ALGIGILTV
22314,22314,4eup,T,H,98,TRB,ALGIGILTV
22315,22315,4eup,G,H,99,TRB,ALGIGILTV
22316,22316,4eup,V,H,100,TRB,ALGIGILTV
22317,22317,4eup,E,H,101,TRB,ALGIGILTV
22318,22318,4eup,Q,H,102,TRB,ALGIGILTV
22319,22319,4eup,Y,H,103,TRB,ALGIGILTV
22320,22320,4eup,F,H,104,TRB,ALGIGILTV
19827,19827,3uts,C,D,89,TRA,ALWGPDPAAA
19828,19828,3uts,A,D,90,TRA,ALWGPDPAAA
19829,19829,3uts,M,D,91,TRA,ALWGPDPAAA
19830,19830,3uts,R,D,92,TRA,ALWGPDPAAA
19831,19831,3uts,G,D,93,TRA,ALWGPDPAAA
19832,19832,3uts,D,D,94,TRA,ALWGPDPAAA
19833,19833,3uts,S,D,95,TRA,ALWGPDPAAA
19834,19834,3uts,S,D,96,TRA,ALWGPDPAAA
19835,19835,3uts,Y,D,97,TRA,ALWGPDPAAA
19836,19836,3uts,K,D,98,TRA,ALWGPDPAAA
19837,19837,3uts,L,D,99,TRA,ALWGPDPAAA
19838,19838,3uts,I,D,100,TRA,ALWGPDPAAA
19839,19839,3uts,F,D,101,TRA,ALWGPDPAAA
19827,19827,3uts,C,D,89,TRA,ALWGPDPAAA
19828,19828,3uts,A,D,90,TRA,ALWGPDPAAA
19829,19829,3uts,M,D,91,TRA,ALWGPDPAAA
19830,19830,3uts,R,D,92,TRA,ALWGPDPAAA
19831,19831,3uts,G,D,93,TRA,ALWGPDPAAA
19832,19832,3uts,D,D,94,TRA,ALWGPDPAAA
19833,19833,3uts,S,D,95,TRA,ALWGPDPAAA
19834,19834,3uts,S,D,96,TRA,ALWGPDPAAA
19835,19835,3uts,Y,D,97,TRA,ALWGPDPAAA
19836,19836,3uts,K,D,98,TRA,ALWGPDPAAA
19837,19837,3uts,L,D,99,TRA,ALWGPDPAAA
19838,19838,3uts,I,D,100,TRA,ALWGPDPAAA
19839,19839,3uts,F,D,101,TRA,ALWGPDPAAA
20031,20031,3uts,C,E,92,TRB,ALWGPDPAAA
20032,20032,3uts,A,E,93,TRB,ALWGPDPAAA
20033,20033,3uts,S,E,94,TRB,ALWGPDPAAA
20034,20034,3uts,S,E,95,TRB,ALWGPDPAAA
20035,20035,3uts,L,E,96,TRB,ALWGPDPAAA
20036,20036,3uts,W,E,97,TRB,ALWGPDPAAA
20037,20037,3uts,E,E,98,TRB,ALWGPDPAAA
20038,20038,3uts,K,E,99,TRB,ALWGPDPAAA
20039,20039,3uts,L,E,100,TRB,ALWGPDPAAA
20040,20040,3uts,A,E,101,TRB,ALWGPDPAAA
20041,20041,3uts,K,E,102,TRB,ALWGPDPAAA
20042,20042,3uts,N,E,103,TRB,ALWGPDPAAA
20043,20043,3uts,I,E,104,TRB,ALWGPDPAAA
20044,20044,3uts,Q,E,105,TRB,ALWGPDPAAA
20045,20045,3uts,Y,E,106,TRB,ALWGPDPAAA
20046,20046,3uts,F,E,107,TRB,ALWGPDPAAA
20031,20031,3uts,C,E,92,TRB,ALWGPDPAAA
20032,20032,3uts,A,E,93,TRB,ALWGPDPAAA
20033,20033,3uts,S,E,94,TRB,ALWGPDPAAA
20034,20034,3uts,S,E,95,TRB,ALWGPDPAAA
20035,20035,3uts,L,E,96,TRB,ALWGPDPAAA
20036,20036,3uts,W,E,97,TRB,ALWGPDPAAA
20037,20037,3uts,E,E,98,TRB,ALWGPDPAAA
20038,20038,3uts,K,E,99,TRB,ALWGPDPAAA
20039,20039,3uts,L,E,100,TRB,ALWGPDPAAA
20040,20040,3uts,A,E,101,TRB,ALWGPDPAAA
20041,20041,3uts,K,E,102,TRB,ALWGPDPAAA
20042,20042,3uts,N,E,103,TRB,ALWGPDPAAA
20043,20043,3uts,I,E,104,TRB,ALWGPDPAAA
20044,20044,3uts,Q,E,105,TRB,ALWGPDPAAA
20045,20045,3uts,Y,E,106,TRB,ALWGPDPAAA
20046,20046,3uts,F,E,107,TRB,ALWGPDPAAA
5635,5635,3hg1,C,E,91,TRB,EAAGIGILTV
5636,5636,3hg1,A,E,92,TRB,EAAGIGILTV
5637,5637,3hg1,W,E,93,TRB,EAAGIGILTV
5638,5638,3hg1,S,E,94,TRB,EAAGIGILTV
5639,5639,3hg1,E,E,95,TRB,EAAGIGILTV
5640,5640,3hg1,T,E,96,TRB,EAAGIGILTV
5641,5641,3hg1,G,E,97,TRB,EAAGIGILTV
5642,5642,3hg1,L,E,98,TRB,EAAGIGILTV
5643,5643,3hg1,G,E,99,TRB,EAAGIGILTV
5644,5644,3hg1,T,E,100,TRB,EAAGIGILTV
5645,5645,3hg1,G,E,101,TRB,EAAGIGILTV
5646,5646,3hg1,E,E,102,TRB,EAAGIGILTV
5647,5647,3hg1,L,E,103,TRB,EAAGIGILTV
5648,5648,3hg1,F,E,104,TRB,EAAGIGILTV
5649,5649,3hg1,F,E,105,TRB,EAAGIGILTV
12050,12050,3kpr,C,D,90,TRA,EEYLKAWTF
12051,12051,3kpr,I,D,91,TRA,EEYLKAWTF
12052,12052,3kpr,L,D,92,TRA,EEYLKAWTF
12053,12053,3kpr,P,D,93,TRA,EEYLKAWTF
12054,12054,3kpr,L,D,94,TRA,EEYLKAWTF
12055,12055,3kpr,A,D,95,TRA,EEYLKAWTF
12056,12056,3kpr,G,D,96,TRA,EEYLKAWTF
12057,12057,3kpr,G,D,97,TRA,EEYLKAWTF
12058,12058,3kpr,T,D,98,TRA,EEYLKAWTF
12059,12059,3kpr,S,D,99,TRA,EEYLKAWTF
12060,12060,3kpr,Y,D,100,TRA,EEYLKAWTF
12061,12061,3kpr,G,D,102,TRA,EEYLKAWTF
12062,12062,3kpr,K,D,103,TRA,EEYLKAWTF
12063,12063,3kpr,L,D,104,TRA,EEYLKAWTF
12064,12064,3kpr,T,D,105,TRA,EEYLKAWTF
12065,12065,3kpr,F,D,106,TRA,EEYLKAWTF
12255,12255,3kpr,C,E,92,TRB,EEYLKAWTF
12256,12256,3kpr,A,E,93,TRB,EEYLKAWTF
12257,12257,3kpr,S,E,94,TRB,EEYLKAWTF
12258,12258,3kpr,S,E,95,TRB,EEYLKAWTF
12259,12259,3kpr,L,E,96,TRB,EEYLKAWTF
12260,12260,3kpr,G,E,97,TRB,EEYLKAWTF
12261,12261,3kpr,Q,E,98,TRB,EEYLKAWTF
12262,12262,3kpr,A,E,99,TRB,EEYLKAWTF
12263,12263,3kpr,Y,E,100,TRB,EEYLKAWTF
12264,12264,3kpr,E,E,105,TRB,EEYLKAWTF
12265,12265,3kpr,Q,E,106,TRB,EEYLKAWTF
12266,12266,3kpr,Y,E,107,TRB,EEYLKAWTF
12267,12267,3kpr,F,E,108,TRB,EEYLKAWTF
12050,12050,3kpr,C,D,90,TRA,EEYLQAFTY
12051,12051,3kpr,I,D,91,TRA,EEYLQAFTY
12052,12052,3kpr,L,D,92,TRA,EEYLQAFTY
12053,12053,3kpr,P,D,93,TRA,EEYLQAFTY
12054,12054,3kpr,L,D,94,TRA,EEYLQAFTY
12055,12055,3kpr,A,D,95,TRA,EEYLQAFTY
12056,12056,3kpr,G,D,96,TRA,EEYLQAFTY
12057,12057,3kpr,G,D,97,TRA,EEYLQAFTY
12058,12058,3kpr,T,D,98,TRA,EEYLQAFTY
12059,12059,3kpr,S,D,99,TRA,EEYLQAFTY
12060,12060,3kpr,Y,D,100,TRA,EEYLQAFTY
12061,12061,3kpr,G,D,102,TRA,EEYLQAFTY
12062,12062,3kpr,K,D,103,TRA,EEYLQAFTY
12063,12063,3kpr,L,D,104,TRA,EEYLQAFTY
12064,12064,3kpr,T,D,105,TRA,EEYLQAFTY
12065,12065,3kpr,F,D,106,TRA,EEYLQAFTY
12255,12255,3kpr,C,E,92,TRB,EEYLQAFTY
12256,12256,3kpr,A,E,93,TRB,EEYLQAFTY
12257,12257,3kpr,S,E,94,TRB,EEYLQAFTY
12258,12258,3kpr,S,E,95,TRB,EEYLQAFTY
12259,12259,3kpr,L,E,96,TRB,EEYLQAFTY
12260,12260,3kpr,G,E,97,TRB,EEYLQAFTY
12261,12261,3kpr,Q,E,98,TRB,EEYLQAFTY
12262,12262,3kpr,A,E,99,TRB,EEYLQAFTY
12263,12263,3kpr,Y,E,100,TRB,EEYLQAFTY
12264,12264,3kpr,E,E,105,TRB,EEYLQAFTY
12265,12265,3kpr,Q,E,106,TRB,EEYLQAFTY
12266,12266,3kpr,Y,E,107,TRB,EEYLQAFTY
12267,12267,3kpr,F,E,108,TRB,EEYLQAFTY
6263,6263,4jff,C,D,89,TRA,ELAAIGILTV
6264,6264,4jff,A,D,90,TRA,ELAAIGILTV
6265,6265,4jff,V,D,91,TRA,ELAAIGILTV
6266,6266,4jff,N,D,92,TRA,ELAAIGILTV
6267,6267,4jff,D,D,93,TRA,ELAAIGILTV
6268,6268,4jff,G,D,94,TRA,ELAAIGILTV
6269,6269,4jff,G,D,95,TRA,ELAAIGILTV
6270,6270,4jff,R,D,96,TRA,ELAAIGILTV
6271,6271,4jff,L,D,97,TRA,ELAAIGILTV
6272,6272,4jff,T,D,98,TRA,ELAAIGILTV
6273,6273,4jff,F,D,99,TRA,ELAAIGILTV
6463,6463,4jff,C,E,91,TRB,ELAAIGILTV
6464,6464,4jff,A,E,92,TRB,ELAAIGILTV
6465,6465,4jff,W,E,93,TRB,ELAAIGILTV
6466,6466,4jff,S,E,94,TRB,ELAAIGILTV
6467,6467,4jff,E,E,95,TRB,ELAAIGILTV
6468,6468,4jff,T,E,96,TRB,ELAAIGILTV
6469,6469,4jff,G,E,97,TRB,ELAAIGILTV
6470,6470,4jff,L,E,98,TRB,ELAAIGILTV
6471,6471,4jff,G,E,99,TRB,ELAAIGILTV
6472,6472,4jff,M,E,100,TRB,ELAAIGILTV
6473,6473,4jff,G,E,101,TRB,ELAAIGILTV
6474,6474,4jff,G,E,102,TRB,ELAAIGILTV
6475,6475,4jff,W,E,103,TRB,ELAAIGILTV
6476,6476,4jff,Q,E,104,TRB,ELAAIGILTV
6477,6477,4jff,F,E,105,TRB,ELAAIGILTV
6263,6263,4jff,C,D,89,TRA,ELAGIGALTV
6264,6264,4jff,A,D,90,TRA,ELAGIGALTV
6265,6265,4jff,V,D,91,TRA,ELAGIGALTV
6266,6266,4jff,N,D,92,TRA,ELAGIGALTV
6267,6267,4jff,D,D,93,TRA,ELAGIGALTV
6268,6268,4jff,G,D,94,TRA,ELAGIGALTV
6269,6269,4jff,G,D,95,TRA,ELAGIGALTV
6270,6270,4jff,R,D,96,TRA,ELAGIGALTV
6271,6271,4jff,L,D,97,TRA,ELAGIGALTV
6272,6272,4jff,T,D,98,TRA,ELAGIGALTV
6273,6273,4jff,F,D,99,TRA,ELAGIGALTV
6463,6463,4jff,C,E,91,TRB,ELAGIGALTV
6464,6464,4jff,A,E,92,TRB,ELAGIGALTV
6465,6465,4jff,W,E,93,TRB,ELAGIGALTV
6466,6466,4jff,S,E,94,TRB,ELAGIGALTV
6467,6467,4jff,E,E,95,TRB,ELAGIGALTV
6468,6468,4jff,T,E,96,TRB,ELAGIGALTV
6469,6469,4jff,G,E,97,TRB,ELAGIGALTV
6470,6470,4jff,L,E,98,TRB,ELAGIGALTV
6471,6471,4jff,G,E,99,TRB,ELAGIGALTV
6472,6472,4jff,M,E,100,TRB,ELAGIGALTV
6473,6473,4jff,G,E,101,TRB,ELAGIGALTV
6474,6474,4jff,G,E,102,TRB,ELAGIGALTV
6475,6475,4jff,W,E,103,TRB,ELAGIGALTV
6476,6476,4jff,Q,E,104,TRB,ELAGIGALTV
6477,6477,4jff,F,E,105,TRB,ELAGIGALTV
17809,17809,3qdm,C,D,88,TRA,ELAGIGILTV
17810,17810,3qdm,A,D,89,TRA,ELAGIGILTV
17811,17811,3qdm,G,D,90,TRA,ELAGIGILTV
17812,17812,3qdm,G,D,91,TRA,ELAGIGILTV
17813,17813,3qdm,T,D,92,TRA,ELAGIGILTV
17814,17814,3qdm,G,D,93,TRA,ELAGIGILTV
17815,17815,3qdm,N,D,94,TRA,ELAGIGILTV
17816,17816,3qdm,Q,D,95,TRA,ELAGIGILTV
17817,17817,3qdm,F,D,96,TRA,ELAGIGILTV
17818,17818,3qdm,Y,D,97,TRA,ELAGIGILTV
17819,17819,3qdm,F,D,98,TRA,ELAGIGILTV
6263,6263,4jff,C,D,89,TRA,ELAGIGILTV
6264,6264,4jff,A,D,90,TRA,ELAGIGILTV
6265,6265,4jff,V,D,91,TRA,ELAGIGILTV
6266,6266,4jff,N,D,92,TRA,ELAGIGILTV
6267,6267,4jff,D,D,93,TRA,ELAGIGILTV
6268,6268,4jff,G,D,94,TRA,ELAGIGILTV
6269,6269,4jff,G,D,95,TRA,ELAGIGILTV
6270,6270,4jff,R,D,96,TRA,ELAGIGILTV
6271,6271,4jff,L,D,97,TRA,ELAGIGILTV
6272,6272,4jff,T,D,98,TRA,ELAGIGILTV
6273,6273,4jff,F,D,99,TRA,ELAGIGILTV
8752,8752,4l3e,C,D,88,TRA,ELAGIGILTV
8753,8753,4l3e,A,D,89,TRA,ELAGIGILTV
8754,8754,4l3e,V,D,90,TRA,ELAGIGILTV
8755,8755,4l3e,N,D,91,TRA,ELAGIGILTV
8756,8756,4l3e,F,D,92,TRA,ELAGIGILTV
8752,8752,4l3e,C,D,88,TRA,ELAGIGILTV
8753,8753,4l3e,A,D,89,TRA,ELAGIGILTV
8754,8754,4l3e,V,D,90,TRA,ELAGIGILTV
8755,8755,4l3e,N,D,91,TRA,ELAGIGILTV
8756,8756,4l3e,F,D,92,TRA,ELAGIGILTV
5635,5635,3hg1,C,E,91,TRB,ELAGIGILTV
5636,5636,3hg1,A,E,92,TRB,ELAGIGILTV
5637,5637,3hg1,W,E,93,TRB,ELAGIGILTV
5638,5638,3hg1,S,E,94,TRB,ELAGIGILTV
5639,5639,3hg1,E,E,95,TRB,ELAGIGILTV
5640,5640,3hg1,T,E,96,TRB,ELAGIGILTV
5641,5641,3hg1,G,E,97,TRB,ELAGIGILTV
5642,5642,3hg1,L,E,98,TRB,ELAGIGILTV
5643,5643,3hg1,G,E,99,TRB,ELAGIGILTV
5644,5644,3hg1,T,E,100,TRB,ELAGIGILTV
5645,5645,3hg1,G,E,101,TRB,ELAGIGILTV
5646,5646,3hg1,E,E,102,TRB,ELAGIGILTV
5647,5647,3hg1,L,E,103,TRB,ELAGIGILTV
5648,5648,3hg1,F,E,104,TRB,ELAGIGILTV
5649,5649,3hg1,F,E,105,TRB,ELAGIGILTV
26510,26510,3qdg,C,E,94,TRB,ELAGIGILTV
26511,26511,3qdg,A,E,95,TRB,ELAGIGILTV
26512,26512,3qdg,S,E,96,TRB,ELAGIGILTV
26513,26513,3qdg,S,E,97,TRB,ELAGIGILTV
26514,26514,3qdg,L,E,98,TRB,ELAGIGILTV
26515,26515,3qdg,S,E,99,TRB,ELAGIGILTV
26516,26516,3qdg,F,E,100,TRB,ELAGIGILTV
26517,26517,3qdg,G,E,101,TRB,ELAGIGILTV
26518,26518,3qdg,T,E,102,TRB,ELAGIGILTV
26519,26519,3qdg,E,E,103,TRB,ELAGIGILTV
26520,26520,3qdg,A,E,104,TRB,ELAGIGILTV
26521,26521,3qdg,F,E,105,TRB,ELAGIGILTV
26522,26522,3qdg,F,E,106,TRB,ELAGIGILTV
18007,18007,3qdm,C,E,91,TRB,ELAGIGILTV
18008,18008,3qdm,A,E,92,TRB,ELAGIGILTV
18009,18009,3qdm,I,E,93,TRB,ELAGIGILTV
18010,18010,3qdm,S,E,94,TRB,ELAGIGILTV
18011,18011,3qdm,E,E,95,TRB,ELAGIGILTV
18012,18012,3qdm,V,E,96,TRB,ELAGIGILTV
18013,18013,3qdm,G,E,97,TRB,ELAGIGILTV
18014,18014,3qdm,V,E,98,TRB,ELAGIGILTV
18015,18015,3qdm,G,E,99,TRB,ELAGIGILTV
18016,18016,3qdm,Q,E,100,TRB,ELAGIGILTV
18017,18017,3qdm,P,E,101,TRB,ELAGIGILTV
18018,18018,3qdm,Q,E,102,TRB,ELAGIGILTV
18019,18019,3qdm,H,E,103,TRB,ELAGIGILTV
18020,18020,3qdm,F,E,104,TRB,ELAGIGILTV
8954,8954,4l3e,C,E,94,TRB,ELAGIGILTV
8955,8955,4l3e,A,E,95,TRB,ELAGIGILTV
8956,8956,4l3e,S,E,96,TRB,ELAGIGILTV
8957,8957,4l3e,S,E,97,TRB,ELAGIGILTV
8958,8958,4l3e,W,E,98,TRB,ELAGIGILTV
8959,8959,4l3e,S,E,99,TRB,ELAGIGILTV
8960,8960,4l3e,F,E,100,TRB,ELAGIGILTV
8961,8961,4l3e,G,E,101,TRB,ELAGIGILTV
8962,8962,4l3e,T,E,102,TRB,ELAGIGILTV
8963,8963,4l3e,E,E,103,TRB,ELAGIGILTV
8964,8964,4l3e,A,E,104,TRB,ELAGIGILTV
8965,8965,4l3e,F,E,105,TRB,ELAGIGILTV
8966,8966,4l3e,F,E,106,TRB,ELAGIGILTV
6463,6463,4jff,C,E,91,TRB,ELAGIGILTV
6464,6464,4jff,A,E,92,TRB,ELAGIGILTV
6465,6465,4jff,W,E,93,TRB,ELAGIGILTV
6466,6466,4jff,S,E,94,TRB,ELAGIGILTV
6467,6467,4jff,E,E,95,TRB,ELAGIGILTV
6468,6468,4jff,T,E,96,TRB,ELAGIGILTV
6469,6469,4jff,G,E,97,TRB,ELAGIGILTV
6470,6470,4jff,L,E,98,TRB,ELAGIGILTV
6471,6471,4jff,G,E,99,TRB,ELAGIGILTV
6472,6472,4jff,M,E,100,TRB,ELAGIGILTV
6473,6473,4jff,G,E,101,TRB,ELAGIGILTV
6474,6474,4jff,G,E,102,TRB,ELAGIGILTV
6475,6475,4jff,W,E,103,TRB,ELAGIGILTV
6476,6476,4jff,Q,E,104,TRB,ELAGIGILTV
6477,6477,4jff,F,E,105,TRB,ELAGIGILTV
12050,12050,3kpr,C,D,90,TRA,FLRGRAYGL
12051,12051,3kpr,I,D,91,TRA,FLRGRAYGL
12052,12052,3kpr,L,D,92,TRA,FLRGRAYGL
12053,12053,3kpr,P,D,93,TRA,FLRGRAYGL
12054,12054,3kpr,L,D,94,TRA,FLRGRAYGL
12055,12055,3kpr,A,D,95,TRA,FLRGRAYGL
12056,12056,3kpr,G,D,96,TRA,FLRGRAYGL
12057,12057,3kpr,G,D,97,TRA,FLRGRAYGL
12058,12058,3kpr,T,D,98,TRA,FLRGRAYGL
12059,12059,3kpr,S,D,99,TRA,FLRGRAYGL
12060,12060,3kpr,Y,D,100,TRA,FLRGRAYGL
12061,12061,3kpr,G,D,102,TRA,FLRGRAYGL
12062,12062,3kpr,K,D,103,TRA,FLRGRAYGL
12063,12063,3kpr,L,D,104,TRA,FLRGRAYGL
12064,12064,3kpr,T,D,105,TRA,FLRGRAYGL
12065,12065,3kpr,F,D,106,TRA,FLRGRAYGL
57159,57159,3ffc,C,D,100,TRA,FLRGRAYGL
57160,57160,3ffc,A,D,101,TRA,FLRGRAYGL
57161,57161,3ffc,M,D,102,TRA,FLRGRAYGL
57162,57162,3ffc,R,D,103,TRA,FLRGRAYGL
57163,57163,3ffc,E,D,104,TRA,FLRGRAYGL
57164,57164,3ffc,D,D,105,TRA,FLRGRAYGL
57165,57165,3ffc,T,D,106,TRA,FLRGRAYGL
57166,57166,3ffc,G,D,107,TRA,FLRGRAYGL
57167,57167,3ffc,N,D,108,TRA,FLRGRAYGL
57168,57168,3ffc,Q,D,109,TRA,FLRGRAYGL
57169,57169,3ffc,F,D,110,TRA,FLRGRAYGL
57170,57170,3ffc,Y,D,111,TRA,FLRGRAYGL
57171,57171,3ffc,F,D,112,TRA,FLRGRAYGL
12255,12255,3kpr,C,E,92,TRB,FLRGRAYGL
12256,12256,3kpr,A,E,93,TRB,FLRGRAYGL
12257,12257,3kpr,S,E,94,TRB,FLRGRAYGL
12258,12258,3kpr,S,E,95,TRB,FLRGRAYGL
12259,12259,3kpr,L,E,96,TRB,FLRGRAYGL
12260,12260,3kpr,G,E,97,TRB,FLRGRAYGL
12261,12261,3kpr,Q,E,98,TRB,FLRGRAYGL
12262,12262,3kpr,A,E,99,TRB,FLRGRAYGL
12263,12263,3kpr,Y,E,100,TRB,FLRGRAYGL
12264,12264,3kpr,E,E,105,TRB,FLRGRAYGL
12265,12265,3kpr,Q,E,106,TRB,FLRGRAYGL
12266,12266,3kpr,Y,E,107,TRB,FLRGRAYGL
12267,12267,3kpr,F,E,108,TRB,FLRGRAYGL
57362,57362,3ffc,C,E,104,TRB,FLRGRAYGL
57363,57363,3ffc,A,E,105,TRB,FLRGRAYGL
57364,57364,3ffc,S,E,106,TRB,FLRGRAYGL
57365,57365,3ffc,S,E,107,TRB,FLRGRAYGL
57366,57366,3ffc,F,E,108,TRB,FLRGRAYGL
57367,57367,3ffc,T,E,109,TRB,FLRGRAYGL
57368,57368,3ffc,W,E,110,TRB,FLRGRAYGL
57369,57369,3ffc,T,E,111,TRB,FLRGRAYGL
57370,57370,3ffc,S,E,112,TRB,FLRGRAYGL
57371,57371,3ffc,G,E,113,TRB,FLRGRAYGL
57372,57372,3ffc,G,E,114,TRB,FLRGRAYGL
57373,57373,3ffc,A,E,115,TRB,FLRGRAYGL
57374,57374,3ffc,T,E,116,TRB,FLRGRAYGL
57375,57375,3ffc,D,E,117,TRB,FLRGRAYGL
57376,57376,3ffc,T,E,118,TRB,FLRGRAYGL
57377,57377,3ffc,Q,E,119,TRB,FLRGRAYGL
57378,57378,3ffc,Y,E,120,TRB,FLRGRAYGL
57379,57379,3ffc,F,E,121,TRB,FLRGRAYGL
34935,34935,6uln,C,D,91,TRA,GADGVGKSAL
34936,34936,6uln,L,D,92,TRA,GADGVGKSAL
34937,34937,6uln,V,D,93,TRA,GADGVGKSAL
34938,34938,6uln,G,D,94,TRA,GADGVGKSAL
34939,34939,6uln,D,D,95,TRA,GADGVGKSAL
34940,34940,6uln,M,D,96,TRA,GADGVGKSAL
34941,34941,6uln,D,D,97,TRA,GADGVGKSAL
34942,34942,6uln,Q,D,98,TRA,GADGVGKSAL
34943,34943,6uln,A,D,99,TRA,GADGVGKSAL
34944,34944,6uln,G,D,100,TRA,GADGVGKSAL
34945,34945,6uln,T,D,101,TRA,GADGVGKSAL
34946,34946,6uln,A,D,102,TRA,GADGVGKSAL
34947,34947,6uln,L,D,103,TRA,GADGVGKSAL
34948,34948,6uln,I,D,104,TRA,GADGVGKSAL
34949,34949,6uln,F,D,105,TRA,GADGVGKSAL
34935,34935,6uln,C,D,91,TRA,GADGVGKSAL
34936,34936,6uln,L,D,92,TRA,GADGVGKSAL
34937,34937,6uln,V,D,93,TRA,GADGVGKSAL
34938,34938,6uln,G,D,94,TRA,GADGVGKSAL
34939,34939,6uln,D,D,95,TRA,GADGVGKSAL
34940,34940,6uln,M,D,96,TRA,GADGVGKSAL
34941,34941,6uln,D,D,97,TRA,GADGVGKSAL
34942,34942,6uln,Q,D,98,TRA,GADGVGKSAL
34943,34943,6uln,A,D,99,TRA,GADGVGKSAL
34944,34944,6uln,G,D,100,TRA,GADGVGKSAL
34945,34945,6uln,T,D,101,TRA,GADGVGKSAL
34946,34946,6uln,A,D,102,TRA,GADGVGKSAL
34947,34947,6uln,L,D,103,TRA,GADGVGKSAL
34948,34948,6uln,I,D,104,TRA,GADGVGKSAL
27134,27134,2vlk,C,D,90,TRA,GILGFVFTL
27135,27135,2vlk,A,D,91,TRA,GILGFVFTL
27136,27136,2vlk,G,D,92,TRA,GILGFVFTL
27137,27137,2vlk,A,D,93,TRA,GILGFVFTL
27138,27138,2vlk,G,D,94,TRA,GILGFVFTL
27139,27139,2vlk,S,D,95,TRA,GILGFVFTL
27140,27140,2vlk,Q,D,96,TRA,GILGFVFTL
27141,27141,2vlk,G,D,97,TRA,GILGFVFTL
27142,27142,2vlk,N,D,98,TRA,GILGFVFTL
27143,27143,2vlk,L,D,99,TRA,GILGFVFTL
27144,27144,2vlk,I,D,100,TRA,GILGFVFTL
27145,27145,2vlk,F,D,101,TRA,GILGFVFTL
27134,27134,2vlk,C,D,90,TRA,GILGFVFTL
27135,27135,2vlk,A,D,91,TRA,GILGFVFTL
27136,27136,2vlk,G,D,92,TRA,GILGFVFTL
27137,27137,2vlk,A,D,93,TRA,GILGFVFTL
27138,27138,2vlk,G,D,94,TRA,GILGFVFTL
27139,27139,2vlk,S,D,95,TRA,GILGFVFTL
27140,27140,2vlk,Q,D,96,TRA,GILGFVFTL
27141,27141,2vlk,G,D,97,TRA,GILGFVFTL
27142,27142,2vlk,N,D,98,TRA,GILGFVFTL
27143,27143,2vlk,L,D,99,TRA,GILGFVFTL
27144,27144,2vlk,I,D,100,TRA,GILGFVFTL
27145,27145,2vlk,F,D,101,TRA,GILGFVFTL
27134,27134,2vlk,C,D,90,TRA,GILGFVFTL
27135,27135,2vlk,A,D,91,TRA,GILGFVFTL
27136,27136,2vlk,G,D,92,TRA,GILGFVFTL
27137,27137,2vlk,A,D,93,TRA,GILGFVFTL
27138,27138,2vlk,G,D,94,TRA,GILGFVFTL
27139,27139,2vlk,S,D,95,TRA,GILGFVFTL
27140,27140,2vlk,Q,D,96,TRA,GILGFVFTL
27141,27141,2vlk,G,D,97,TRA,GILGFVFTL
27142,27142,2vlk,N,D,98,TRA,GILGFVFTL
27143,27143,2vlk,L,D,99,TRA,GILGFVFTL
27144,27144,2vlk,I,D,100,TRA,GILGFVFTL
27145,27145,2vlk,F,D,101,TRA,GILGFVFTL
27134,27134,2vlk,C,D,90,TRA,GILGFVFTL
27135,27135,2vlk,A,D,91,TRA,GILGFVFTL
27136,27136,2vlk,G,D,92,TRA,GILGFVFTL
27137,27137,2vlk,A,D,93,TRA,GILGFVFTL
27138,27138,2vlk,G,D,94,TRA,GILGFVFTL
27139,27139,2vlk,S,D,95,TRA,GILGFVFTL
27140,27140,2vlk,Q,D,96,TRA,GILGFVFTL
27141,27141,2vlk,G,D,97,TRA,GILGFVFTL
27142,27142,2vlk,N,D,98,TRA,GILGFVFTL
27143,27143,2vlk,L,D,99,TRA,GILGFVFTL
27144,27144,2vlk,I,D,100,TRA,GILGFVFTL
27145,27145,2vlk,F,D,101,TRA,GILGFVFTL
27334,27334,2vlk,C,E,93,TRB,GILGFVFTL
27335,27335,2vlk,A,E,94,TRB,GILGFVFTL
27336,27336,2vlk,S,E,95,TRB,GILGFVFTL
27337,27337,2vlk,S,E,96,TRB,GILGFVFTL
27338,27338,2vlk,S,E,97,TRB,GILGFVFTL
27339,27339,2vlk,R,E,98,TRB,GILGFVFTL
27340,27340,2vlk,S,E,99,TRB,GILGFVFTL
27341,27341,2vlk,S,E,100,TRB,GILGFVFTL
27342,27342,2vlk,Y,E,101,TRB,GILGFVFTL
27343,27343,2vlk,E,E,102,TRB,GILGFVFTL
27344,27344,2vlk,Q,E,103,TRB,GILGFVFTL
27345,27345,2vlk,Y,E,104,TRB,GILGFVFTL
27346,27346,2vlk,F,E,105,TRB,GILGFVFTL
27334,27334,2vlk,C,E,93,TRB,GILGFVFTL
27335,27335,2vlk,A,E,94,TRB,GILGFVFTL
27336,27336,2vlk,S,E,95,TRB,GILGFVFTL
27337,27337,2vlk,S,E,96,TRB,GILGFVFTL
27338,27338,2vlk,S,E,97,TRB,GILGFVFTL
27339,27339,2vlk,R,E,98,TRB,GILGFVFTL
27340,27340,2vlk,S,E,99,TRB,GILGFVFTL
27341,27341,2vlk,S,E,100,TRB,GILGFVFTL
27342,27342,2vlk,Y,E,101,TRB,GILGFVFTL
27343,27343,2vlk,E,E,102,TRB,GILGFVFTL
27344,27344,2vlk,Q,E,103,TRB,GILGFVFTL
27345,27345,2vlk,Y,E,104,TRB,GILGFVFTL
27346,27346,2vlk,F,E,105,TRB,GILGFVFTL
27334,27334,2vlk,C,E,93,TRB,GILGFVFTL
27335,27335,2vlk,A,E,94,TRB,GILGFVFTL
27336,27336,2vlk,S,E,95,TRB,GILGFVFTL
27337,27337,2vlk,S,E,96,TRB,GILGFVFTL
27338,27338,2vlk,S,E,97,TRB,GILGFVFTL
27339,27339,2vlk,R,E,98,TRB,GILGFVFTL
27340,27340,2vlk,S,E,99,TRB,GILGFVFTL
27341,27341,2vlk,S,E,100,TRB,GILGFVFTL
27342,27342,2vlk,Y,E,101,TRB,GILGFVFTL
27343,27343,2vlk,E,E,102,TRB,GILGFVFTL
27344,27344,2vlk,Q,E,103,TRB,GILGFVFTL
27345,27345,2vlk,Y,E,104,TRB,GILGFVFTL
27346,27346,2vlk,F,E,105,TRB,GILGFVFTL
54879,54879,2vlr,C,E,93,TRB,GILGFVFTL
54880,54880,2vlr,A,E,94,TRB,GILGFVFTL
54881,54881,2vlr,S,E,95,TRB,GILGFVFTL
54882,54882,2vlr,S,E,96,TRB,GILGFVFTL
54883,54883,2vlr,S,E,97,TRB,GILGFVFTL
54884,54884,2vlr,R,E,98,TRB,GILGFVFTL
54885,54885,2vlr,A,E,99,TRB,GILGFVFTL
54886,54886,2vlr,S,E,100,TRB,GILGFVFTL
54887,54887,2vlr,Y,E,101,TRB,GILGFVFTL
54888,54888,2vlr,E,E,102,TRB,GILGFVFTL
54889,54889,2vlr,Q,E,103,TRB,GILGFVFTL
54890,54890,2vlr,Y,E,104,TRB,GILGFVFTL
54891,54891,2vlr,F,E,105,TRB,GILGFVFTL
49486,49486,5euo,C,F,89,TRB,GILGFVFTL
49487,49487,5euo,A,F,90,TRB,GILGFVFTL
49488,49488,5euo,S,F,91,TRB,GILGFVFTL
49489,49489,5euo,S,F,92,TRB,GILGFVFTL
49490,49490,5euo,I,F,93,TRB,GILGFVFTL
49491,49491,5euo,R,F,94,TRB,GILGFVFTL
49492,49492,5euo,S,F,95,TRB,GILGFVFTL
49493,49493,5euo,S,F,96,TRB,GILGFVFTL
49494,49494,5euo,Y,F,97,TRB,GILGFVFTL
49495,49495,5euo,E,F,98,TRB,GILGFVFTL
49496,49496,5euo,Q,F,99,TRB,GILGFVFTL
49497,49497,5euo,Y,F,100,TRB,GILGFVFTL
49498,49498,5euo,F,F,101,TRB,GILGFVFTL
41493,41493,3o4l,C,D,90,TRA,GLCTLVAML
41494,41494,3o4l,A,D,91,TRA,GLCTLVAML
41495,41495,3o4l,E,D,92,TRA,GLCTLVAML
41496,41496,3o4l,D,D,93,TRA,GLCTLVAML
41497,41497,3o4l,N,D,94,TRA,GLCTLVAML
41498,41498,3o4l,N,D,95,TRA,GLCTLVAML
41499,41499,3o4l,A,D,96,TRA,GLCTLVAML
41500,41500,3o4l,R,D,97,TRA,GLCTLVAML
41501,41501,3o4l,L,D,98,TRA,GLCTLVAML
41502,41502,3o4l,M,D,99,TRA,GLCTLVAML
41503,41503,3o4l,F,D,100,TRA,GLCTLVAML
41698,41698,3o4l,C,E,95,TRB,GLCTLVAML
41699,41699,3o4l,S,E,96,TRB,GLCTLVAML
41700,41700,3o4l,A,E,97,TRB,GLCTLVAML
41701,41701,3o4l,R,E,98,TRB,GLCTLVAML
41702,41702,3o4l,D,E,99,TRB,GLCTLVAML
41703,41703,3o4l,G,E,100,TRB,GLCTLVAML
41704,41704,3o4l,T,E,101,TRB,GLCTLVAML
41705,41705,3o4l,G,E,102,TRB,GLCTLVAML
41706,41706,3o4l,N,E,103,TRB,GLCTLVAML
41707,41707,3o4l,G,E,104,TRB,GLCTLVAML
41708,41708,3o4l,Y,E,105,TRB,GLCTLVAML
41709,41709,3o4l,T,E,106,TRB,GLCTLVAML
41710,41710,3o4l,F,E,107,TRB,GLCTLVAML
2128,2128,5wkf,C,D,89,TRA,GTSGSPIVNR
2129,2129,5wkf,G,D,90,TRA,GTSGSPIVNR
2130,2130,5wkf,L,D,91,TRA,GTSGSPIVNR
2131,2131,5wkf,G,D,92,TRA,GTSGSPIVNR
2132,2132,5wkf,D,D,93,TRA,GTSGSPIVNR
2133,2133,5wkf,A,D,94,TRA,GTSGSPIVNR
2134,2134,5wkf,G,D,95,TRA,GTSGSPIVNR
2135,2135,5wkf,N,D,96,TRA,GTSGSPIVNR
2136,2136,5wkf,M,D,97,TRA,GTSGSPIVNR
2137,2137,5wkf,L,D,98,TRA,GTSGSPIVNR
2138,2138,5wkf,T,D,99,TRA,GTSGSPIVNR
2139,2139,5wkf,F,D,100,TRA,GTSGSPIVNR
2330,2330,5wkf,C,E,104,TRB,GTSGSPIVNR
2331,2331,5wkf,A,E,105,TRB,GTSGSPIVNR
2332,2332,5wkf,S,E,106,TRB,GTSGSPIVNR
2333,2333,5wkf,S,E,107,TRB,GTSGSPIVNR
2334,2334,5wkf,L,E,108,TRB,GTSGSPIVNR
2335,2335,5wkf,G,E,112,TRB,GTSGSPIVNR
2336,2336,5wkf,Q,E,113,TRB,GTSGSPIVNR
2337,2337,5wkf,G,E,114,TRB,GTSGSPIVNR
2338,2338,5wkf,L,E,115,TRB,GTSGSPIVNR
2339,2339,5wkf,L,E,116,TRB,GTSGSPIVNR
2340,2340,5wkf,Y,E,117,TRB,GTSGSPIVNR
2341,2341,5wkf,G,E,118,TRB,GTSGSPIVNR
2342,2342,5wkf,Y,E,119,TRB,GTSGSPIVNR
2343,2343,5wkf,T,E,120,TRB,GTSGSPIVNR
2344,2344,5wkf,F,E,121,TRB,GTSGSPIVNR
53857,53857,6vrm,C,D,88,TRA,HMTEVVRHC
53858,53858,6vrm,V,D,89,TRA,HMTEVVRHC
53859,53859,6vrm,V,D,90,TRA,HMTEVVRHC
53860,53860,6vrm,Q,D,91,TRA,HMTEVVRHC
53861,53861,6vrm,P,D,92,TRA,HMTEVVRHC
53862,53862,6vrm,G,D,93,TRA,HMTEVVRHC
53863,53863,6vrm,G,D,94,TRA,HMTEVVRHC
53864,53864,6vrm,Y,D,95,TRA,HMTEVVRHC
53865,53865,6vrm,Q,D,96,TRA,HMTEVVRHC
53866,53866,6vrm,K,D,97,TRA,HMTEVVRHC
53867,53867,6vrm,V,D,98,TRA,HMTEVVRHC
53868,53868,6vrm,T,D,99,TRA,HMTEVVRHC
53869,53869,6vrm,F,D,100,TRA,HMTEVVRHC
18999,18999,6vrn,C,D,92,TRA,HMTEVVRHC
19000,19000,6vrn,A,D,93,TRA,HMTEVVRHC
19001,19001,6vrn,F,D,94,TRA,HMTEVVRHC
19002,19002,6vrn,M,D,95,TRA,HMTEVVRHC
19003,19003,6vrn,G,D,96,TRA,HMTEVVRHC
19004,19004,6vrn,Y,D,97,TRA,HMTEVVRHC
19005,19005,6vrn,S,D,98,TRA,HMTEVVRHC
19006,19006,6vrn,G,D,99,TRA,HMTEVVRHC
19007,19007,6vrn,A,D,100,TRA,HMTEVVRHC
19008,19008,6vrn,G,D,101,TRA,HMTEVVRHC
19009,19009,6vrn,S,D,102,TRA,HMTEVVRHC
19010,19010,6vrn,Y,D,103,TRA,HMTEVVRHC
19011,19011,6vrn,Q,D,104,TRA,HMTEVVRHC
19012,19012,6vrn,L,D,105,TRA,HMTEVVRHC
19013,19013,6vrn,T,D,106,TRA,HMTEVVRHC
19014,19014,6vrn,F,D,107,TRA,HMTEVVRHC
39042,39042,6vqo,C,D,89,TRA,HMTEVVRHC
39043,39043,6vqo,A,D,90,TRA,HMTEVVRHC
39044,39044,6vqo,M,D,91,TRA,HMTEVVRHC
39045,39045,6vqo,S,D,92,TRA,HMTEVVRHC
39046,39046,6vqo,G,D,93,TRA,HMTEVVRHC
39047,39047,6vqo,L,D,94,TRA,HMTEVVRHC
39048,39048,6vqo,K,D,95,TRA,HMTEVVRHC
39049,39049,6vqo,E,D,96,TRA,HMTEVVRHC
39050,39050,6vqo,D,D,97,TRA,HMTEVVRHC
39051,39051,6vqo,S,D,98,TRA,HMTEVVRHC
39052,39052,6vqo,S,D,99,TRA,HMTEVVRHC
39053,39053,6vqo,Y,D,100,TRA,HMTEVVRHC
39054,39054,6vqo,K,D,101,TRA,HMTEVVRHC
39055,39055,6vqo,L,D,102,TRA,HMTEVVRHC
39056,39056,6vqo,I,D,103,TRA,HMTEVVRHC
39057,39057,6vqo,F,D,104,TRA,HMTEVVRHC
54043,54043,6vrm,C,E,91,TRB,HMTEVVRHC
54044,54044,6vrm,A,E,92,TRB,HMTEVVRHC
54045,54045,6vrm,S,E,93,TRB,HMTEVVRHC
54046,54046,6vrm,S,E,94,TRB,HMTEVVRHC
54047,54047,6vrm,E,E,95,TRB,HMTEVVRHC
54048,54048,6vrm,G,E,96,TRB,HMTEVVRHC
54049,54049,6vrm,L,E,97,TRB,HMTEVVRHC
54050,54050,6vrm,W,E,98,TRB,HMTEVVRHC
54051,54051,6vrm,Q,E,99,TRB,HMTEVVRHC
54052,54052,6vrm,V,E,100,TRB,HMTEVVRHC
54053,54053,6vrm,G,E,101,TRB,HMTEVVRHC
54054,54054,6vrm,D,E,102,TRB,HMTEVVRHC
54055,54055,6vrm,E,E,103,TRB,HMTEVVRHC
54056,54056,6vrm,Q,E,104,TRB,HMTEVVRHC
54057,54057,6vrm,Y,E,105,TRB,HMTEVVRHC
54058,54058,6vrm,F,E,106,TRB,HMTEVVRHC
19192,19192,6vrn,C,E,91,TRB,HMTEVVRHC
19193,19193,6vrn,A,E,92,TRB,HMTEVVRHC
19194,19194,6vrn,I,E,93,TRB,HMTEVVRHC
19195,19195,6vrn,S,E,94,TRB,HMTEVVRHC
19196,19196,6vrn,E,E,95,TRB,HMTEVVRHC
19197,19197,6vrn,L,E,96,TRB,HMTEVVRHC
19198,19198,6vrn,V,E,97,TRB,HMTEVVRHC
19199,19199,6vrn,T,E,98,TRB,HMTEVVRHC
19200,19200,6vrn,G,E,99,TRB,HMTEVVRHC
19201,19201,6vrn,D,E,100,TRB,HMTEVVRHC
19202,19202,6vrn,S,E,101,TRB,HMTEVVRHC
19203,19203,6vrn,P,E,102,TRB,HMTEVVRHC
19204,19204,6vrn,L,E,103,TRB,HMTEVVRHC
19205,19205,6vrn,H,E,104,TRB,HMTEVVRHC
19206,19206,6vrn,F,E,105,TRB,HMTEVVRHC
39236,39236,6vqo,C,E,91,TRB,HMTEVVRHC
39237,39237,6vqo,A,E,92,TRB,HMTEVVRHC
39238,39238,6vqo,S,E,93,TRB,HMTEVVRHC
39239,39239,6vqo,S,E,94,TRB,HMTEVVRHC
39240,39240,6vqo,I,E,95,TRB,HMTEVVRHC
39241,39241,6vqo,Q,E,96,TRB,HMTEVVRHC
39242,39242,6vqo,Q,E,97,TRB,HMTEVVRHC
39243,39243,6vqo,G,E,98,TRB,HMTEVVRHC
39244,39244,6vqo,A,E,99,TRB,HMTEVVRHC
39245,39245,6vqo,D,E,100,TRB,HMTEVVRHC
39246,39246,6vqo,T,E,101,TRB,HMTEVVRHC
39247,39247,6vqo,Q,E,102,TRB,HMTEVVRHC
39248,39248,6vqo,Y,E,103,TRB,HMTEVVRHC
39249,39249,6vqo,F,E,104,TRB,HMTEVVRHC
25480,25480,3mv7,C,D,104,TRA,HPVGEADYFEY
25481,25481,3mv7,A,D,105,TRA,HPVGEADYFEY
25482,25482,3mv7,V,D,106,TRA,HPVGEADYFEY
25483,25483,3mv7,Q,D,107,TRA,HPVGEADYFEY
25484,25484,3mv7,D,D,108,TRA,HPVGEADYFEY
25485,25485,3mv7,L,D,109,TRA,HPVGEADYFEY
25486,25486,3mv7,G,D,110,TRA,HPVGEADYFEY
25487,25487,3mv7,T,D,111,TRA,HPVGEADYFEY
25488,25488,3mv7,S,D,112,TRA,HPVGEADYFEY
25489,25489,3mv7,G,D,113,TRA,HPVGEADYFEY
25490,25490,3mv7,S,D,114,TRA,HPVGEADYFEY
25491,25491,3mv7,R,D,115,TRA,HPVGEADYFEY
25492,25492,3mv7,L,D,116,TRA,HPVGEADYFEY
25493,25493,3mv7,T,D,117,TRA,HPVGEADYFEY
25494,25494,3mv7,F,D,118,TRA,HPVGEADYFEY
25480,25480,3mv7,C,D,104,TRA,HPVGEADYFEY
25481,25481,3mv7,A,D,105,TRA,HPVGEADYFEY
25482,25482,3mv7,V,D,106,TRA,HPVGEADYFEY
25483,25483,3mv7,Q,D,107,TRA,HPVGEADYFEY
25484,25484,3mv7,D,D,108,TRA,HPVGEADYFEY
25485,25485,3mv7,L,D,109,TRA,HPVGEADYFEY
25486,25486,3mv7,G,D,110,TRA,HPVGEADYFEY
25487,25487,3mv7,T,D,111,TRA,HPVGEADYFEY
25488,25488,3mv7,S,D,112,TRA,HPVGEADYFEY
25489,25489,3mv7,G,D,113,TRA,HPVGEADYFEY
25490,25490,3mv7,S,D,114,TRA,HPVGEADYFEY
25491,25491,3mv7,R,D,115,TRA,HPVGEADYFEY
25492,25492,3mv7,L,D,116,TRA,HPVGEADYFEY
25493,25493,3mv7,T,D,117,TRA,HPVGEADYFEY
25494,25494,3mv7,F,D,118,TRA,HPVGEADYFEY
25480,25480,3mv7,C,D,104,TRA,HPVGEADYFEY
25481,25481,3mv7,A,D,105,TRA,HPVGEADYFEY
25482,25482,3mv7,V,D,106,TRA,HPVGEADYFEY
25483,25483,3mv7,Q,D,107,TRA,HPVGEADYFEY
25484,25484,3mv7,D,D,108,TRA,HPVGEADYFEY
25485,25485,3mv7,L,D,109,TRA,HPVGEADYFEY
25486,25486,3mv7,G,D,110,TRA,HPVGEADYFEY
25487,25487,3mv7,T,D,111,TRA,HPVGEADYFEY
25488,25488,3mv7,S,D,112,TRA,HPVGEADYFEY
25489,25489,3mv7,G,D,113,TRA,HPVGEADYFEY
25490,25490,3mv7,S,D,114,TRA,HPVGEADYFEY
25491,25491,3mv7,R,D,115,TRA,HPVGEADYFEY
25492,25492,3mv7,L,D,116,TRA,HPVGEADYFEY
25493,25493,3mv7,T,D,117,TRA,HPVGEADYFEY
25494,25494,3mv7,F,D,118,TRA,HPVGEADYFEY
25685,25685,3mv7,C,E,104,TRB,HPVGEADYFEY
25686,25686,3mv7,A,E,105,TRB,HPVGEADYFEY
25687,25687,3mv7,S,E,106,TRB,HPVGEADYFEY
25688,25688,3mv7,S,E,107,TRB,HPVGEADYFEY
25689,25689,3mv7,A,E,108,TRB,HPVGEADYFEY
25690,25690,3mv7,R,E,109,TRB,HPVGEADYFEY
25691,25691,3mv7,S,E,110,TRB,HPVGEADYFEY
25692,25692,3mv7,G,E,111,TRB,HPVGEADYFEY
25693,25693,3mv7,E,E,112,TRB,HPVGEADYFEY
25694,25694,3mv7,L,E,113,TRB,HPVGEADYFEY
25695,25695,3mv7,F,E,114,TRB,HPVGEADYFEY
25696,25696,3mv7,F,E,115,TRB,HPVGEADYFEY
25685,25685,3mv7,C,E,104,TRB,HPVGEADYFEY
25686,25686,3mv7,A,E,105,TRB,HPVGEADYFEY
25687,25687,3mv7,S,E,106,TRB,HPVGEADYFEY
25688,25688,3mv7,S,E,107,TRB,HPVGEADYFEY
25689,25689,3mv7,A,E,108,TRB,HPVGEADYFEY
25690,25690,3mv7,R,E,109,TRB,HPVGEADYFEY
25691,25691,3mv7,S,E,110,TRB,HPVGEADYFEY
25692,25692,3mv7,G,E,111,TRB,HPVGEADYFEY
25693,25693,3mv7,E,E,112,TRB,HPVGEADYFEY
25694,25694,3mv7,L,E,113,TRB,HPVGEADYFEY
25695,25695,3mv7,F,E,114,TRB,HPVGEADYFEY
25696,25696,3mv7,F,E,115,TRB,HPVGEADYFEY
25685,25685,3mv7,C,E,104,TRB,HPVGEADYFEY
25686,25686,3mv7,A,E,105,TRB,HPVGEADYFEY
25687,25687,3mv7,S,E,106,TRB,HPVGEADYFEY
25688,25688,3mv7,S,E,107,TRB,HPVGEADYFEY
25689,25689,3mv7,A,E,108,TRB,HPVGEADYFEY
25690,25690,3mv7,R,E,109,TRB,HPVGEADYFEY
25691,25691,3mv7,S,E,110,TRB,HPVGEADYFEY
25692,25692,3mv7,G,E,111,TRB,HPVGEADYFEY
25693,25693,3mv7,E,E,112,TRB,HPVGEADYFEY
25694,25694,3mv7,L,E,113,TRB,HPVGEADYFEY
25695,25695,3mv7,F,E,114,TRB,HPVGEADYFEY
25696,25696,3mv7,F,E,115,TRB,HPVGEADYFEY
25480,25480,3mv7,C,D,104,TRA,HPVGQADYFEY
25481,25481,3mv7,A,D,105,TRA,HPVGQADYFEY
25482,25482,3mv7,V,D,106,TRA,HPVGQADYFEY
25483,25483,3mv7,Q,D,107,TRA,HPVGQADYFEY
25484,25484,3mv7,D,D,108,TRA,HPVGQADYFEY
25485,25485,3mv7,L,D,109,TRA,HPVGQADYFEY
25486,25486,3mv7,G,D,110,TRA,HPVGQADYFEY
25487,25487,3mv7,T,D,111,TRA,HPVGQADYFEY
25488,25488,3mv7,S,D,112,TRA,HPVGQADYFEY
25489,25489,3mv7,G,D,113,TRA,HPVGQADYFEY
25490,25490,3mv7,S,D,114,TRA,HPVGQADYFEY
25491,25491,3mv7,R,D,115,TRA,HPVGQADYFEY
25492,25492,3mv7,L,D,116,TRA,HPVGQADYFEY
25493,25493,3mv7,T,D,117,TRA,HPVGQADYFEY
25494,25494,3mv7,F,D,118,TRA,HPVGQADYFEY
25685,25685,3mv7,C,E,104,TRB,HPVGQADYFEY
25686,25686,3mv7,A,E,105,TRB,HPVGQADYFEY
25687,25687,3mv7,S,E,106,TRB,HPVGQADYFEY
25688,25688,3mv7,S,E,107,TRB,HPVGQADYFEY
25689,25689,3mv7,A,E,108,TRB,HPVGQADYFEY
25690,25690,3mv7,R,E,109,TRB,HPVGQADYFEY
25691,25691,3mv7,S,E,110,TRB,HPVGQADYFEY
25692,25692,3mv7,G,E,111,TRB,HPVGQADYFEY
25693,25693,3mv7,E,E,112,TRB,HPVGQADYFEY
25694,25694,3mv7,L,E,113,TRB,HPVGQADYFEY
25695,25695,3mv7,F,E,114,TRB,HPVGQADYFEY
25696,25696,3mv7,F,E,115,TRB,HPVGQADYFEY
58827,58827,4qrp,C,D,104,TRA,HSKKKCDEL
58828,58828,4qrp,A,D,105,TRA,HSKKKCDEL
58829,58829,4qrp,L,D,106,TRA,HSKKKCDEL
58830,58830,4qrp,S,D,107,TRA,HSKKKCDEL
58831,58831,4qrp,D,D,108,TRA,HSKKKCDEL
58832,58832,4qrp,P,D,109,TRA,HSKKKCDEL
58833,58833,4qrp,V,D,110,TRA,HSKKKCDEL
58834,58834,4qrp,N,D,111,TRA,HSKKKCDEL
58835,58835,4qrp,D,D,112,TRA,HSKKKCDEL
58836,58836,4qrp,M,D,113,TRA,HSKKKCDEL
58837,58837,4qrp,R,D,114,TRA,HSKKKCDEL
58838,58838,4qrp,F,D,115,TRA,HSKKKCDEL
59029,59029,4qrp,C,E,104,TRB,HSKKKCDEL
59030,59030,4qrp,A,E,105,TRB,HSKKKCDEL
59031,59031,4qrp,S,E,106,TRB,HSKKKCDEL
59032,59032,4qrp,S,E,107,TRB,HSKKKCDEL
59033,59033,4qrp,L,E,108,TRB,HSKKKCDEL
59034,59034,4qrp,R,E,109,TRB,HSKKKCDEL
59035,59035,4qrp,G,E,110,TRB,HSKKKCDEL
59036,59036,4qrp,R,E,111,TRB,HSKKKCDEL
59037,59037,4qrp,G,E,112,TRB,HSKKKCDEL
59038,59038,4qrp,D,E,113,TRB,HSKKKCDEL
59039,59039,4qrp,Q,E,114,TRB,HSKKKCDEL
59040,59040,4qrp,P,E,115,TRB,HSKKKCDEL
59041,59041,4qrp,Q,E,116,TRB,HSKKKCDEL
59042,59042,4qrp,H,E,117,TRB,HSKKKCDEL
59043,59043,4qrp,F,E,118,TRB,HSKKKCDEL
61756,61756,4mnq,C,D,87,TRA,ILAKFLHWL
61757,61757,4mnq,A,D,88,TRA,ILAKFLHWL
61758,61758,4mnq,V,D,89,TRA,ILAKFLHWL
61759,61759,4mnq,D,D,90,TRA,ILAKFLHWL
61760,61760,4mnq,S,D,91,TRA,ILAKFLHWL
61761,61761,4mnq,A,D,92,TRA,ILAKFLHWL
61762,61762,4mnq,T,D,93,TRA,ILAKFLHWL
61763,61763,4mnq,A,D,94,TRA,ILAKFLHWL
61764,61764,4mnq,L,D,95,TRA,ILAKFLHWL
61765,61765,4mnq,P,D,96,TRA,ILAKFLHWL
61766,61766,4mnq,Y,D,97,TRA,ILAKFLHWL
61767,61767,4mnq,G,D,98,TRA,ILAKFLHWL
61768,61768,4mnq,Y,D,99,TRA,ILAKFLHWL
61769,61769,4mnq,I,D,100,TRA,ILAKFLHWL
61770,61770,4mnq,F,D,101,TRA,ILAKFLHWL
61960,61960,4mnq,C,E,91,TRB,ILAKFLHWL
61961,61961,4mnq,A,E,92,TRB,ILAKFLHWL
61962,61962,4mnq,S,E,93,TRB,ILAKFLHWL
61963,61963,4mnq,S,E,94,TRB,ILAKFLHWL
61964,61964,4mnq,Y,E,95,TRB,ILAKFLHWL
61965,61965,4mnq,Q,E,96,TRB,ILAKFLHWL
61966,61966,4mnq,G,E,97,TRB,ILAKFLHWL
61967,61967,4mnq,T,E,98,TRB,ILAKFLHWL
61968,61968,4mnq,E,E,99,TRB,ILAKFLHWL
61969,61969,4mnq,A,E,100,TRB,ILAKFLHWL
61970,61970,4mnq,F,E,101,TRB,ILAKFLHWL
61971,61971,4mnq,F,E,102,TRB,ILAKFLHWL
31264,31264,4g8g,C,D,92,TRA,KRWIILGLNK
31265,31265,4g8g,A,D,93,TRA,KRWIILGLNK
31266,31266,4g8g,M,D,94,TRA,KRWIILGLNK
31267,31267,4g8g,R,D,95,TRA,KRWIILGLNK
31268,31268,4g8g,D,D,96,TRA,KRWIILGLNK
31269,31269,4g8g,L,D,97,TRA,KRWIILGLNK
31270,31270,4g8g,R,D,98,TRA,KRWIILGLNK
31271,31271,4g8g,D,D,99,TRA,KRWIILGLNK
31272,31272,4g8g,N,D,100,TRA,KRWIILGLNK
31273,31273,4g8g,F,D,101,TRA,KRWIILGLNK
31274,31274,4g8g,N,D,102,TRA,KRWIILGLNK
31275,31275,4g8g,K,D,103,TRA,KRWIILGLNK
31276,31276,4g8g,F,D,104,TRA,KRWIILGLNK
31277,31277,4g8g,Y,D,105,TRA,KRWIILGLNK
31278,31278,4g8g,F,D,106,TRA,KRWIILGLNK
31467,31467,4g8g,C,E,104,TRB,KRWIILGLNK
31468,31468,4g8g,A,E,105,TRB,KRWIILGLNK
31469,31469,4g8g,S,E,106,TRB,KRWIILGLNK
31470,31470,4g8g,R,E,107,TRB,KRWIILGLNK
31471,31471,4g8g,E,E,108,TRB,KRWIILGLNK
31472,31472,4g8g,G,E,109,TRB,KRWIILGLNK
31473,31473,4g8g,L,E,110,TRB,KRWIILGLNK
31474,31474,4g8g,G,E,111,TRB,KRWIILGLNK
31475,31475,4g8g,G,E,112,TRB,KRWIILGLNK
31476,31476,4g8g,T,E,113,TRB,KRWIILGLNK
31477,31477,4g8g,E,E,114,TRB,KRWIILGLNK
31478,31478,4g8g,A,E,115,TRB,KRWIILGLNK
31479,31479,4g8g,F,E,116,TRB,KRWIILGLNK
31480,31480,4g8g,F,E,117,TRB,KRWIILGLNK
31264,31264,4g8g,C,D,92,TRA,KRWIIMGLNK
31265,31265,4g8g,A,D,93,TRA,KRWIIMGLNK
31266,31266,4g8g,M,D,94,TRA,KRWIIMGLNK
31267,31267,4g8g,R,D,95,TRA,KRWIIMGLNK
31268,31268,4g8g,D,D,96,TRA,KRWIIMGLNK
31269,31269,4g8g,L,D,97,TRA,KRWIIMGLNK
31270,31270,4g8g,R,D,98,TRA,KRWIIMGLNK
31271,31271,4g8g,D,D,99,TRA,KRWIIMGLNK
31272,31272,4g8g,N,D,100,TRA,KRWIIMGLNK
31273,31273,4g8g,F,D,101,TRA,KRWIIMGLNK
31274,31274,4g8g,N,D,102,TRA,KRWIIMGLNK
31275,31275,4g8g,K,D,103,TRA,KRWIIMGLNK
31276,31276,4g8g,F,D,104,TRA,KRWIIMGLNK
31277,31277,4g8g,Y,D,105,TRA,KRWIIMGLNK
31278,31278,4g8g,F,D,106,TRA,KRWIIMGLNK
31467,31467,4g8g,C,E,104,TRB,KRWIIMGLNK
31468,31468,4g8g,A,E,105,TRB,KRWIIMGLNK
31469,31469,4g8g,S,E,106,TRB,KRWIIMGLNK
31470,31470,4g8g,R,E,107,TRB,KRWIIMGLNK
31471,31471,4g8g,E,E,108,TRB,KRWIIMGLNK
31472,31472,4g8g,G,E,109,TRB,KRWIIMGLNK
31473,31473,4g8g,L,E,110,TRB,KRWIIMGLNK
31474,31474,4g8g,G,E,111,TRB,KRWIIMGLNK
31475,31475,4g8g,G,E,112,TRB,KRWIIMGLNK
31476,31476,4g8g,T,E,113,TRB,KRWIIMGLNK
31477,31477,4g8g,E,E,114,TRB,KRWIIMGLNK
31478,31478,4g8g,A,E,115,TRB,KRWIIMGLNK
31479,31479,4g8g,F,E,116,TRB,KRWIIMGLNK
31480,31480,4g8g,F,E,117,TRB,KRWIIMGLNK
3780,3780,1qsf,C,D,90,TRA,LGYGFVNYI
3781,3781,1qsf,A,D,91,TRA,LGYGFVNYI
3782,3782,1qsf,V,D,92,TRA,LGYGFVNYI
3783,3783,1qsf,T,D,93,TRA,LGYGFVNYI
3784,3784,1qsf,T,D,98,TRA,LGYGFVNYI
3785,3785,1qsf,D,D,99,TRA,LGYGFVNYI
3786,3786,1qsf,S,D,100,TRA,LGYGFVNYI
3787,3787,1qsf,W,D,101,TRA,LGYGFVNYI
3788,3788,1qsf,G,D,102,TRA,LGYGFVNYI
3789,3789,1qsf,K,D,103,TRA,LGYGFVNYI
3790,3790,1qsf,L,D,104,TRA,LGYGFVNYI
3791,3791,1qsf,Q,D,105,TRA,LGYGFVNYI
3792,3792,1qsf,F,D,106,TRA,LGYGFVNYI
3981,3981,1qsf,C,E,92,TRB,LGYGFVNYI
3982,3982,1qsf,A,E,93,TRB,LGYGFVNYI
3983,3983,1qsf,S,E,94,TRB,LGYGFVNYI
3984,3984,1qsf,R,E,95,TRB,LGYGFVNYI
3985,3985,1qsf,P,E,96,TRB,LGYGFVNYI
3986,3986,1qsf,G,E,97,TRB,LGYGFVNYI
3987,3987,1qsf,L,E,98,TRB,LGYGFVNYI
3988,3988,1qsf,A,E,99,TRB,LGYGFVNYI
3989,3989,1qsf,G,E,100,TRB,LGYGFVNYI
3990,3990,1qsf,G,E,101,TRB,LGYGFVNYI
3991,3991,1qsf,R,E,102,TRB,LGYGFVNYI
3992,3992,1qsf,P,E,103,TRB,LGYGFVNYI
3993,3993,1qsf,E,E,105,TRB,LGYGFVNYI
3994,3994,1qsf,Q,E,106,TRB,LGYGFVNYI
3995,3995,1qsf,Y,E,107,TRB,LGYGFVNYI
3996,3996,1qsf,F,E,108,TRB,LGYGFVNYI
3780,3780,1qsf,C,D,90,TRA,LLFGFPVYV
3781,3781,1qsf,A,D,91,TRA,LLFGFPVYV
3782,3782,1qsf,V,D,92,TRA,LLFGFPVYV
3783,3783,1qsf,T,D,93,TRA,LLFGFPVYV
3784,3784,1qsf,T,D,98,TRA,LLFGFPVYV
3785,3785,1qsf,D,D,99,TRA,LLFGFPVYV
3786,3786,1qsf,S,D,100,TRA,LLFGFPVYV
3787,3787,1qsf,W,D,101,TRA,LLFGFPVYV
3788,3788,1qsf,G,D,102,TRA,LLFGFPVYV
3789,3789,1qsf,K,D,103,TRA,LLFGFPVYV
3790,3790,1qsf,L,D,104,TRA,LLFGFPVYV
3791,3791,1qsf,Q,D,105,TRA,LLFGFPVYV
3792,3792,1qsf,F,D,106,TRA,LLFGFPVYV
3981,3981,1qsf,C,E,92,TRB,LLFGFPVYV
3982,3982,1qsf,A,E,93,TRB,LLFGFPVYV
3983,3983,1qsf,S,E,94,TRB,LLFGFPVYV
3984,3984,1qsf,R,E,95,TRB,LLFGFPVYV
3985,3985,1qsf,P,E,96,TRB,LLFGFPVYV
3986,3986,1qsf,G,E,97,TRB,LLFGFPVYV
3987,3987,1qsf,L,E,98,TRB,LLFGFPVYV
3988,3988,1qsf,A,E,99,TRB,LLFGFPVYV
3989,3989,1qsf,G,E,100,TRB,LLFGFPVYV
3990,3990,1qsf,G,E,101,TRB,LLFGFPVYV
3991,3991,1qsf,R,E,102,TRB,LLFGFPVYV
3992,3992,1qsf,P,E,103,TRB,LLFGFPVYV
3993,3993,1qsf,E,E,105,TRB,LLFGFPVYV
3994,3994,1qsf,Q,E,106,TRB,LLFGFPVYV
3995,3995,1qsf,Y,E,107,TRB,LLFGFPVYV
3996,3996,1qsf,F,E,108,TRB,LLFGFPVYV
3780,3780,1qsf,C,D,90,TRA,LLFGKPVYV
3781,3781,1qsf,A,D,91,TRA,LLFGKPVYV
3782,3782,1qsf,V,D,92,TRA,LLFGKPVYV
3783,3783,1qsf,T,D,93,TRA,LLFGKPVYV
3784,3784,1qsf,T,D,98,TRA,LLFGKPVYV
3785,3785,1qsf,D,D,99,TRA,LLFGKPVYV
3786,3786,1qsf,S,D,100,TRA,LLFGKPVYV
3787,3787,1qsf,W,D,101,TRA,LLFGKPVYV
3788,3788,1qsf,G,D,102,TRA,LLFGKPVYV
3789,3789,1qsf,K,D,103,TRA,LLFGKPVYV
3790,3790,1qsf,L,D,104,TRA,LLFGKPVYV
3791,3791,1qsf,Q,D,105,TRA,LLFGKPVYV
3792,3792,1qsf,F,D,106,TRA,LLFGKPVYV
3981,3981,1qsf,C,E,92,TRB,LLFGKPVYV
3982,3982,1qsf,A,E,93,TRB,LLFGKPVYV
3983,3983,1qsf,S,E,94,TRB,LLFGKPVYV
3984,3984,1qsf,R,E,95,TRB,LLFGKPVYV
3985,3985,1qsf,P,E,96,TRB,LLFGKPVYV
3986,3986,1qsf,G,E,97,TRB,LLFGKPVYV
3987,3987,1qsf,L,E,98,TRB,LLFGKPVYV
3988,3988,1qsf,A,E,99,TRB,LLFGKPVYV
3989,3989,1qsf,G,E,100,TRB,LLFGKPVYV
3990,3990,1qsf,G,E,101,TRB,LLFGKPVYV
3991,3991,1qsf,R,E,102,TRB,LLFGKPVYV
3992,3992,1qsf,P,E,103,TRB,LLFGKPVYV
3993,3993,1qsf,E,E,105,TRB,LLFGKPVYV
3994,3994,1qsf,Q,E,106,TRB,LLFGKPVYV
3995,3995,1qsf,Y,E,107,TRB,LLFGKPVYV
3996,3996,1qsf,F,E,108,TRB,LLFGKPVYV
3780,3780,1qsf,C,D,90,TRA,LLFGPVYV
3781,3781,1qsf,A,D,91,TRA,LLFGPVYV
3782,3782,1qsf,V,D,92,TRA,LLFGPVYV
3783,3783,1qsf,T,D,93,TRA,LLFGPVYV
3784,3784,1qsf,T,D,98,TRA,LLFGPVYV
3785,3785,1qsf,D,D,99,TRA,LLFGPVYV
3786,3786,1qsf,S,D,100,TRA,LLFGPVYV
3787,3787,1qsf,W,D,101,TRA,LLFGPVYV
3788,3788,1qsf,G,D,102,TRA,LLFGPVYV
3789,3789,1qsf,K,D,103,TRA,LLFGPVYV
3790,3790,1qsf,L,D,104,TRA,LLFGPVYV
3791,3791,1qsf,Q,D,105,TRA,LLFGPVYV
3792,3792,1qsf,F,D,106,TRA,LLFGPVYV
3780,3780,1qsf,C,D,90,TRA,LLFGPVYV
3781,3781,1qsf,A,D,91,TRA,LLFGPVYV
3782,3782,1qsf,V,D,92,TRA,LLFGPVYV
3783,3783,1qsf,T,D,93,TRA,LLFGPVYV
3784,3784,1qsf,T,D,98,TRA,LLFGPVYV
3785,3785,1qsf,D,D,99,TRA,LLFGPVYV
3786,3786,1qsf,S,D,100,TRA,LLFGPVYV
3787,3787,1qsf,W,D,101,TRA,LLFGPVYV
3788,3788,1qsf,G,D,102,TRA,LLFGPVYV
3789,3789,1qsf,K,D,103,TRA,LLFGPVYV
3790,3790,1qsf,L,D,104,TRA,LLFGPVYV
3791,3791,1qsf,Q,D,105,TRA,LLFGPVYV
3792,3792,1qsf,F,D,106,TRA,LLFGPVYV
3981,3981,1qsf,C,E,92,TRB,LLFGPVYV
3982,3982,1qsf,A,E,93,TRB,LLFGPVYV
3983,3983,1qsf,S,E,94,TRB,LLFGPVYV
3984,3984,1qsf,R,E,95,TRB,LLFGPVYV
3985,3985,1qsf,P,E,96,TRB,LLFGPVYV
3986,3986,1qsf,G,E,97,TRB,LLFGPVYV
3987,3987,1qsf,L,E,98,TRB,LLFGPVYV
3988,3988,1qsf,A,E,99,TRB,LLFGPVYV
3989,3989,1qsf,G,E,100,TRB,LLFGPVYV
3990,3990,1qsf,G,E,101,TRB,LLFGPVYV
3991,3991,1qsf,R,E,102,TRB,LLFGPVYV
3992,3992,1qsf,P,E,103,TRB,LLFGPVYV
3993,3993,1qsf,E,E,105,TRB,LLFGPVYV
3994,3994,1qsf,Q,E,106,TRB,LLFGPVYV
3995,3995,1qsf,Y,E,107,TRB,LLFGPVYV
3996,3996,1qsf,F,E,108,TRB,LLFGPVYV
3981,3981,1qsf,C,E,92,TRB,LLFGPVYV
3982,3982,1qsf,A,E,93,TRB,LLFGPVYV
3983,3983,1qsf,S,E,94,TRB,LLFGPVYV
3984,3984,1qsf,R,E,95,TRB,LLFGPVYV
3985,3985,1qsf,P,E,96,TRB,LLFGPVYV
3986,3986,1qsf,G,E,97,TRB,LLFGPVYV
3987,3987,1qsf,L,E,98,TRB,LLFGPVYV
3988,3988,1qsf,A,E,99,TRB,LLFGPVYV
3989,3989,1qsf,G,E,100,TRB,LLFGPVYV
3990,3990,1qsf,G,E,101,TRB,LLFGPVYV
3991,3991,1qsf,R,E,102,TRB,LLFGPVYV
3992,3992,1qsf,P,E,103,TRB,LLFGPVYV
3993,3993,1qsf,E,E,105,TRB,LLFGPVYV
3994,3994,1qsf,Q,E,106,TRB,LLFGPVYV
3995,3995,1qsf,Y,E,107,TRB,LLFGPVYV
3996,3996,1qsf,F,E,108,TRB,LLFGPVYV
3780,3780,1qsf,C,D,90,TRA,LLFGYAVYV
3781,3781,1qsf,A,D,91,TRA,LLFGYAVYV
3782,3782,1qsf,V,D,92,TRA,LLFGYAVYV
3783,3783,1qsf,T,D,93,TRA,LLFGYAVYV
3784,3784,1qsf,T,D,98,TRA,LLFGYAVYV
3785,3785,1qsf,D,D,99,TRA,LLFGYAVYV
3786,3786,1qsf,S,D,100,TRA,LLFGYAVYV
3787,3787,1qsf,W,D,101,TRA,LLFGYAVYV
3788,3788,1qsf,G,D,102,TRA,LLFGYAVYV
3789,3789,1qsf,K,D,103,TRA,LLFGYAVYV
3790,3790,1qsf,L,D,104,TRA,LLFGYAVYV
3791,3791,1qsf,Q,D,105,TRA,LLFGYAVYV
3792,3792,1qsf,F,D,106,TRA,LLFGYAVYV
3981,3981,1qsf,C,E,92,TRB,LLFGYAVYV
3982,3982,1qsf,A,E,93,TRB,LLFGYAVYV
3983,3983,1qsf,S,E,94,TRB,LLFGYAVYV
3984,3984,1qsf,R,E,95,TRB,LLFGYAVYV
3985,3985,1qsf,P,E,96,TRB,LLFGYAVYV
3986,3986,1qsf,G,E,97,TRB,LLFGYAVYV
3987,3987,1qsf,L,E,98,TRB,LLFGYAVYV
3988,3988,1qsf,A,E,99,TRB,LLFGYAVYV
3989,3989,1qsf,G,E,100,TRB,LLFGYAVYV
3990,3990,1qsf,G,E,101,TRB,LLFGYAVYV
3991,3991,1qsf,R,E,102,TRB,LLFGYAVYV
3992,3992,1qsf,P,E,103,TRB,LLFGYAVYV
3993,3993,1qsf,E,E,105,TRB,LLFGYAVYV
3994,3994,1qsf,Q,E,106,TRB,LLFGYAVYV
3995,3995,1qsf,Y,E,107,TRB,LLFGYAVYV
3996,3996,1qsf,F,E,108,TRB,LLFGYAVYV
3780,3780,1qsf,C,D,90,TRA,LLFGYPRYV
3781,3781,1qsf,A,D,91,TRA,LLFGYPRYV
3782,3782,1qsf,V,D,92,TRA,LLFGYPRYV
3783,3783,1qsf,T,D,93,TRA,LLFGYPRYV
3784,3784,1qsf,T,D,98,TRA,LLFGYPRYV
3785,3785,1qsf,D,D,99,TRA,LLFGYPRYV
3786,3786,1qsf,S,D,100,TRA,LLFGYPRYV
3787,3787,1qsf,W,D,101,TRA,LLFGYPRYV
3788,3788,1qsf,G,D,102,TRA,LLFGYPRYV
3789,3789,1qsf,K,D,103,TRA,LLFGYPRYV
3790,3790,1qsf,L,D,104,TRA,LLFGYPRYV
3791,3791,1qsf,Q,D,105,TRA,LLFGYPRYV
3792,3792,1qsf,F,D,106,TRA,LLFGYPRYV
3981,3981,1qsf,C,E,92,TRB,LLFGYPRYV
3982,3982,1qsf,A,E,93,TRB,LLFGYPRYV
3983,3983,1qsf,S,E,94,TRB,LLFGYPRYV
3984,3984,1qsf,R,E,95,TRB,LLFGYPRYV
3985,3985,1qsf,P,E,96,TRB,LLFGYPRYV
3986,3986,1qsf,G,E,97,TRB,LLFGYPRYV
3987,3987,1qsf,L,E,98,TRB,LLFGYPRYV
3988,3988,1qsf,A,E,99,TRB,LLFGYPRYV
3989,3989,1qsf,G,E,100,TRB,LLFGYPRYV
3990,3990,1qsf,G,E,101,TRB,LLFGYPRYV
3991,3991,1qsf,R,E,102,TRB,LLFGYPRYV
3992,3992,1qsf,P,E,103,TRB,LLFGYPRYV
3993,3993,1qsf,E,E,105,TRB,LLFGYPRYV
3994,3994,1qsf,Q,E,106,TRB,LLFGYPRYV
3995,3995,1qsf,Y,E,107,TRB,LLFGYPRYV
3996,3996,1qsf,F,E,108,TRB,LLFGYPRYV
3780,3780,1qsf,C,D,90,TRA,LLFGYPVAV
3781,3781,1qsf,A,D,91,TRA,LLFGYPVAV
3782,3782,1qsf,V,D,92,TRA,LLFGYPVAV
3783,3783,1qsf,T,D,93,TRA,LLFGYPVAV
3784,3784,1qsf,T,D,98,TRA,LLFGYPVAV
3785,3785,1qsf,D,D,99,TRA,LLFGYPVAV
3786,3786,1qsf,S,D,100,TRA,LLFGYPVAV
3787,3787,1qsf,W,D,101,TRA,LLFGYPVAV
3788,3788,1qsf,G,D,102,TRA,LLFGYPVAV
3789,3789,1qsf,K,D,103,TRA,LLFGYPVAV
3790,3790,1qsf,L,D,104,TRA,LLFGYPVAV
3791,3791,1qsf,Q,D,105,TRA,LLFGYPVAV
3792,3792,1qsf,F,D,106,TRA,LLFGYPVAV
3981,3981,1qsf,C,E,92,TRB,LLFGYPVAV
3982,3982,1qsf,A,E,93,TRB,LLFGYPVAV
3983,3983,1qsf,S,E,94,TRB,LLFGYPVAV
3984,3984,1qsf,R,E,95,TRB,LLFGYPVAV
3985,3985,1qsf,P,E,96,TRB,LLFGYPVAV
3986,3986,1qsf,G,E,97,TRB,LLFGYPVAV
3987,3987,1qsf,L,E,98,TRB,LLFGYPVAV
3988,3988,1qsf,A,E,99,TRB,LLFGYPVAV
3989,3989,1qsf,G,E,100,TRB,LLFGYPVAV
3990,3990,1qsf,G,E,101,TRB,LLFGYPVAV
3991,3991,1qsf,R,E,102,TRB,LLFGYPVAV
3992,3992,1qsf,P,E,103,TRB,LLFGYPVAV
3993,3993,1qsf,E,E,105,TRB,LLFGYPVAV
3994,3994,1qsf,Q,E,106,TRB,LLFGYPVAV
3995,3995,1qsf,Y,E,107,TRB,LLFGYPVAV
3996,3996,1qsf,F,E,108,TRB,LLFGYPVAV
3780,3780,1qsf,C,D,90,TRA,LLFGYPVYV
3781,3781,1qsf,A,D,91,TRA,LLFGYPVYV
3782,3782,1qsf,V,D,92,TRA,LLFGYPVYV
3783,3783,1qsf,T,D,93,TRA,LLFGYPVYV
3784,3784,1qsf,T,D,98,TRA,LLFGYPVYV
3785,3785,1qsf,D,D,99,TRA,LLFGYPVYV
3786,3786,1qsf,S,D,100,TRA,LLFGYPVYV
3787,3787,1qsf,W,D,101,TRA,LLFGYPVYV
3788,3788,1qsf,G,D,102,TRA,LLFGYPVYV
3789,3789,1qsf,K,D,103,TRA,LLFGYPVYV
3790,3790,1qsf,L,D,104,TRA,LLFGYPVYV
3791,3791,1qsf,Q,D,105,TRA,LLFGYPVYV
3792,3792,1qsf,F,D,106,TRA,LLFGYPVYV
33305,33305,1bd2,C,D,90,TRA,LLFGYPVYV
33306,33306,1bd2,A,D,91,TRA,LLFGYPVYV
33307,33307,1bd2,A,D,92,TRA,LLFGYPVYV
33308,33308,1bd2,M,D,93,TRA,LLFGYPVYV
33309,33309,1bd2,E,D,94,TRA,LLFGYPVYV
33310,33310,1bd2,G,D,95,TRA,LLFGYPVYV
33311,33311,1bd2,A,D,96,TRA,LLFGYPVYV
33312,33312,1bd2,Q,D,102,TRA,LLFGYPVYV
33313,33313,1bd2,K,D,103,TRA,LLFGYPVYV
33314,33314,1bd2,L,D,104,TRA,LLFGYPVYV
33315,33315,1bd2,V,D,105,TRA,LLFGYPVYV
33316,33316,1bd2,F,D,106,TRA,LLFGYPVYV
3780,3780,1qsf,C,D,90,TRA,LLFGYPVYV
3781,3781,1qsf,A,D,91,TRA,LLFGYPVYV
3782,3782,1qsf,V,D,92,TRA,LLFGYPVYV
3783,3783,1qsf,T,D,93,TRA,LLFGYPVYV
3784,3784,1qsf,T,D,98,TRA,LLFGYPVYV
3785,3785,1qsf,D,D,99,TRA,LLFGYPVYV
3786,3786,1qsf,S,D,100,TRA,LLFGYPVYV
3787,3787,1qsf,W,D,101,TRA,LLFGYPVYV
3788,3788,1qsf,G,D,102,TRA,LLFGYPVYV
3789,3789,1qsf,K,D,103,TRA,LLFGYPVYV
3790,3790,1qsf,L,D,104,TRA,LLFGYPVYV
3791,3791,1qsf,Q,D,105,TRA,LLFGYPVYV
3792,3792,1qsf,F,D,106,TRA,LLFGYPVYV
3981,3981,1qsf,C,E,92,TRB,LLFGYPVYV
3982,3982,1qsf,A,E,93,TRB,LLFGYPVYV
3983,3983,1qsf,S,E,94,TRB,LLFGYPVYV
3984,3984,1qsf,R,E,95,TRB,LLFGYPVYV
3985,3985,1qsf,P,E,96,TRB,LLFGYPVYV
3986,3986,1qsf,G,E,97,TRB,LLFGYPVYV
3987,3987,1qsf,L,E,98,TRB,LLFGYPVYV
3988,3988,1qsf,A,E,99,TRB,LLFGYPVYV
3989,3989,1qsf,G,E,100,TRB,LLFGYPVYV
3990,3990,1qsf,G,E,101,TRB,LLFGYPVYV
3991,3991,1qsf,R,E,102,TRB,LLFGYPVYV
3992,3992,1qsf,P,E,103,TRB,LLFGYPVYV
3993,3993,1qsf,E,E,105,TRB,LLFGYPVYV
3994,3994,1qsf,Q,E,106,TRB,LLFGYPVYV
3995,3995,1qsf,Y,E,107,TRB,LLFGYPVYV
3996,3996,1qsf,F,E,108,TRB,LLFGYPVYV
33495,33495,1bd2,C,E,92,TRB,LLFGYPVYV
33496,33496,1bd2,A,E,93,TRB,LLFGYPVYV
33497,33497,1bd2,S,E,94,TRB,LLFGYPVYV
33498,33498,1bd2,S,E,95,TRB,LLFGYPVYV
33499,33499,1bd2,Y,E,96,TRB,LLFGYPVYV
33500,33500,1bd2,P,E,97,TRB,LLFGYPVYV
33501,33501,1bd2,G,E,98,TRB,LLFGYPVYV
33502,33502,1bd2,G,E,99,TRB,LLFGYPVYV
33503,33503,1bd2,G,E,100,TRB,LLFGYPVYV
33504,33504,1bd2,F,E,101,TRB,LLFGYPVYV
33505,33505,1bd2,Y,E,104,TRB,LLFGYPVYV
33506,33506,1bd2,E,E,105,TRB,LLFGYPVYV
33507,33507,1bd2,Q,E,106,TRB,LLFGYPVYV
33508,33508,1bd2,Y,E,107,TRB,LLFGYPVYV
33509,33509,1bd2,F,E,108,TRB,LLFGYPVYV
40870,40870,4ftv,C,E,92,TRB,LLFGYPVYV
40871,40871,4ftv,A,E,93,TRB,LLFGYPVYV
40872,40872,4ftv,S,E,94,TRB,LLFGYPVYV
40873,40873,4ftv,R,E,95,TRB,LLFGYPVYV
40874,40874,4ftv,P,E,96,TRB,LLFGYPVYV
40875,40875,4ftv,G,E,97,TRB,LLFGYPVYV
40876,40876,4ftv,L,E,98,TRB,LLFGYPVYV
40877,40877,4ftv,M,E,99,TRB,LLFGYPVYV
40878,40878,4ftv,S,E,100,TRB,LLFGYPVYV
40879,40879,4ftv,A,E,101,TRB,LLFGYPVYV
40880,40880,4ftv,Q,E,102,TRB,LLFGYPVYV
40881,40881,4ftv,P,E,103,TRB,LLFGYPVYV
40882,40882,4ftv,E,E,105,TRB,LLFGYPVYV
40883,40883,4ftv,Q,E,106,TRB,LLFGYPVYV
40884,40884,4ftv,Y,E,107,TRB,LLFGYPVYV
40885,40885,4ftv,F,E,108,TRB,LLFGYPVYV
3780,3780,1qsf,C,D,90,TRA,MLWGYLQYV
3781,3781,1qsf,A,D,91,TRA,MLWGYLQYV
3782,3782,1qsf,V,D,92,TRA,MLWGYLQYV
3783,3783,1qsf,T,D,93,TRA,MLWGYLQYV
3784,3784,1qsf,T,D,98,TRA,MLWGYLQYV
3785,3785,1qsf,D,D,99,TRA,MLWGYLQYV
3786,3786,1qsf,S,D,100,TRA,MLWGYLQYV
3787,3787,1qsf,W,D,101,TRA,MLWGYLQYV
3788,3788,1qsf,G,D,102,TRA,MLWGYLQYV
3789,3789,1qsf,K,D,103,TRA,MLWGYLQYV
3790,3790,1qsf,L,D,104,TRA,MLWGYLQYV
3791,3791,1qsf,Q,D,105,TRA,MLWGYLQYV
3792,3792,1qsf,F,D,106,TRA,MLWGYLQYV
3981,3981,1qsf,C,E,92,TRB,MLWGYLQYV
3982,3982,1qsf,A,E,93,TRB,MLWGYLQYV
3983,3983,1qsf,S,E,94,TRB,MLWGYLQYV
3984,3984,1qsf,R,E,95,TRB,MLWGYLQYV
3985,3985,1qsf,P,E,96,TRB,MLWGYLQYV
3986,3986,1qsf,G,E,97,TRB,MLWGYLQYV
3987,3987,1qsf,L,E,98,TRB,MLWGYLQYV
3988,3988,1qsf,A,E,99,TRB,MLWGYLQYV
3989,3989,1qsf,G,E,100,TRB,MLWGYLQYV
3990,3990,1qsf,G,E,101,TRB,MLWGYLQYV
3991,3991,1qsf,R,E,102,TRB,MLWGYLQYV
3992,3992,1qsf,P,E,103,TRB,MLWGYLQYV
3993,3993,1qsf,E,E,105,TRB,MLWGYLQYV
3994,3994,1qsf,Q,E,106,TRB,MLWGYLQYV
3995,3995,1qsf,Y,E,107,TRB,MLWGYLQYV
3996,3996,1qsf,F,E,108,TRB,MLWGYLQYV
28778,28778,3gsn,C,A,90,TRA,NLVPMVATV
28779,28779,3gsn,A,A,91,TRA,NLVPMVATV
28780,28780,3gsn,R,A,92,TRA,NLVPMVATV
28781,28781,3gsn,N,A,93,TRA,NLVPMVATV
28782,28782,3gsn,T,A,94,TRA,NLVPMVATV
28783,28783,3gsn,G,A,95,TRA,NLVPMVATV
28784,28784,3gsn,N,A,96,TRA,NLVPMVATV
28785,28785,3gsn,Q,A,97,TRA,NLVPMVATV
28786,28786,3gsn,F,A,98,TRA,NLVPMVATV
28787,28787,3gsn,Y,A,99,TRA,NLVPMVATV
28788,28788,3gsn,F,A,100,TRA,NLVPMVATV
14142,14142,5d2n,C,C,88,TRA,NLVPMVATV
14143,14143,5d2n,I,C,89,TRA,NLVPMVATV
14144,14144,5d2n,L,C,90,TRA,NLVPMVATV
14145,14145,5d2n,D,C,91,TRA,NLVPMVATV
14146,14146,5d2n,N,C,92,TRA,NLVPMVATV
14147,14147,5d2n,N,C,93,TRA,NLVPMVATV
14148,14148,5d2n,N,C,94,TRA,NLVPMVATV
14149,14149,5d2n,D,C,95,TRA,NLVPMVATV
14150,14150,5d2n,M,C,96,TRA,NLVPMVATV
14151,14151,5d2n,R,C,97,TRA,NLVPMVATV
14152,14152,5d2n,F,C,98,TRA,NLVPMVATV
28978,28978,3gsn,C,B,91,TRB,NLVPMVATV
28979,28979,3gsn,A,B,92,TRB,NLVPMVATV
28980,28980,3gsn,S,B,93,TRB,NLVPMVATV
28981,28981,3gsn,S,B,94,TRB,NLVPMVATV
28982,28982,3gsn,P,B,95,TRB,NLVPMVATV
28983,28983,3gsn,V,B,96,TRB,NLVPMVATV
28984,28984,3gsn,T,B,97,TRB,NLVPMVATV
28985,28985,3gsn,G,B,98,TRB,NLVPMVATV
28986,28986,3gsn,G,B,99,TRB,NLVPMVATV
28987,28987,3gsn,I,B,100,TRB,NLVPMVATV
28988,28988,3gsn,Y,B,101,TRB,NLVPMVATV
28989,28989,3gsn,G,B,102,TRB,NLVPMVATV
28990,28990,3gsn,Y,B,103,TRB,NLVPMVATV
28991,28991,3gsn,T,B,104,TRB,NLVPMVATV
28992,28992,3gsn,F,B,105,TRB,NLVPMVATV
14344,14344,5d2n,C,F,92,TRB,NLVPMVATV
14345,14345,5d2n,A,F,93,TRB,NLVPMVATV
14346,14346,5d2n,S,F,94,TRB,NLVPMVATV
14347,14347,5d2n,S,F,95,TRB,NLVPMVATV
14348,14348,5d2n,L,F,96,TRB,NLVPMVATV
14349,14349,5d2n,A,F,97,TRB,NLVPMVATV
14350,14350,5d2n,P,F,98,TRB,NLVPMVATV
14351,14351,5d2n,G,F,99,TRB,NLVPMVATV
14352,14352,5d2n,T,F,100,TRB,NLVPMVATV
14353,14353,5d2n,T,F,101,TRB,NLVPMVATV
14354,14354,5d2n,N,F,102,TRB,NLVPMVATV
14355,14355,5d2n,E,F,103,TRB,NLVPMVATV
14356,14356,5d2n,K,F,104,TRB,NLVPMVATV
14357,14357,5d2n,L,F,105,TRB,NLVPMVATV
14358,14358,5d2n,F,F,106,TRB,NLVPMVATV
14359,14359,5d2n,F,F,107,TRB,NLVPMVATV
24658,24658,3vxm,C,D,91,TRA,RFPLTFGWCF
24659,24659,3vxm,A,D,92,TRA,RFPLTFGWCF
24660,24660,3vxm,V,D,93,TRA,RFPLTFGWCF
24661,24661,3vxm,G,D,94,TRA,RFPLTFGWCF
24662,24662,3vxm,A,D,95,TRA,RFPLTFGWCF
24663,24663,3vxm,P,D,96,TRA,RFPLTFGWCF
24664,24664,3vxm,S,D,97,TRA,RFPLTFGWCF
24665,24665,3vxm,G,D,98,TRA,RFPLTFGWCF
24666,24666,3vxm,A,D,99,TRA,RFPLTFGWCF
24667,24667,3vxm,G,D,100,TRA,RFPLTFGWCF
24668,24668,3vxm,S,D,101,TRA,RFPLTFGWCF
24669,24669,3vxm,Y,D,102,TRA,RFPLTFGWCF
24670,24670,3vxm,Q,D,103,TRA,RFPLTFGWCF
24671,24671,3vxm,L,D,104,TRA,RFPLTFGWCF
24672,24672,3vxm,T,D,105,TRA,RFPLTFGWCF
24673,24673,3vxm,F,D,106,TRA,RFPLTFGWCF
24856,24856,3vxm,C,E,91,TRB,RFPLTFGWCF
24857,24857,3vxm,A,E,92,TRB,RFPLTFGWCF
24858,24858,3vxm,S,E,93,TRB,RFPLTFGWCF
24859,24859,3vxm,S,E,94,TRB,RFPLTFGWCF
24860,24860,3vxm,P,E,95,TRB,RFPLTFGWCF
24861,24861,3vxm,T,E,96,TRB,RFPLTFGWCF
24862,24862,3vxm,S,E,97,TRB,RFPLTFGWCF
24863,24863,3vxm,G,E,98,TRB,RFPLTFGWCF
24864,24864,3vxm,I,E,99,TRB,RFPLTFGWCF
24865,24865,3vxm,Y,E,100,TRB,RFPLTFGWCF
24866,24866,3vxm,E,E,101,TRB,RFPLTFGWCF
24867,24867,3vxm,Q,E,102,TRB,RFPLTFGWCF
24868,24868,3vxm,Y,E,103,TRB,RFPLTFGWCF
24869,24869,3vxm,F,E,104,TRB,RFPLTFGWCF
7080,7080,3vxs,C,D,90,TRA,RYPLTFGWCF
7081,7081,3vxs,A,D,91,TRA,RYPLTFGWCF
7082,7082,3vxs,V,D,92,TRA,RYPLTFGWCF
7083,7083,3vxs,R,D,93,TRA,RYPLTFGWCF
7084,7084,3vxs,M,D,94,TRA,RYPLTFGWCF
7085,7085,3vxs,D,D,95,TRA,RYPLTFGWCF
7086,7086,3vxs,S,D,96,TRA,RYPLTFGWCF
7087,7087,3vxs,S,D,97,TRA,RYPLTFGWCF
7088,7088,3vxs,Y,D,98,TRA,RYPLTFGWCF
7089,7089,3vxs,K,D,99,TRA,RYPLTFGWCF
7090,7090,3vxs,L,D,100,TRA,RYPLTFGWCF
7091,7091,3vxs,I,D,101,TRA,RYPLTFGWCF
7092,7092,3vxs,F,D,102,TRA,RYPLTFGWCF
7285,7285,3vxs,C,E,92,TRB,RYPLTFGWCF
7286,7286,3vxs,A,E,93,TRB,RYPLTFGWCF
7287,7287,3vxs,S,E,94,TRB,RYPLTFGWCF
7288,7288,3vxs,S,E,95,TRB,RYPLTFGWCF
7289,7289,3vxs,S,E,96,TRB,RYPLTFGWCF
7290,7290,3vxs,W,E,97,TRB,RYPLTFGWCF
7291,7291,3vxs,D,E,98,TRB,RYPLTFGWCF
7292,7292,3vxs,T,E,99,TRB,RYPLTFGWCF
7293,7293,3vxs,G,E,100,TRB,RYPLTFGWCF
7294,7294,3vxs,E,E,101,TRB,RYPLTFGWCF
7295,7295,3vxs,L,E,102,TRB,RYPLTFGWCF
7296,7296,3vxs,F,E,103,TRB,RYPLTFGWCF
7297,7297,3vxs,F,E,104,TRB,RYPLTFGWCF
7080,7080,3vxs,C,D,90,TRA,RYPLTLGWCF
7081,7081,3vxs,A,D,91,TRA,RYPLTLGWCF
7082,7082,3vxs,V,D,92,TRA,RYPLTLGWCF
7083,7083,3vxs,R,D,93,TRA,RYPLTLGWCF
7084,7084,3vxs,M,D,94,TRA,RYPLTLGWCF
7085,7085,3vxs,D,D,95,TRA,RYPLTLGWCF
7086,7086,3vxs,S,D,96,TRA,RYPLTLGWCF
7087,7087,3vxs,S,D,97,TRA,RYPLTLGWCF
7088,7088,3vxs,Y,D,98,TRA,RYPLTLGWCF
7089,7089,3vxs,K,D,99,TRA,RYPLTLGWCF
7090,7090,3vxs,L,D,100,TRA,RYPLTLGWCF
7091,7091,3vxs,I,D,101,TRA,RYPLTLGWCF
7092,7092,3vxs,F,D,102,TRA,RYPLTLGWCF
7285,7285,3vxs,C,E,92,TRB,RYPLTLGWCF
7286,7286,3vxs,A,E,93,TRB,RYPLTLGWCF
7287,7287,3vxs,S,E,94,TRB,RYPLTLGWCF
7288,7288,3vxs,S,E,95,TRB,RYPLTLGWCF
7289,7289,3vxs,S,E,96,TRB,RYPLTLGWCF
7290,7290,3vxs,W,E,97,TRB,RYPLTLGWCF
7291,7291,3vxs,D,E,98,TRB,RYPLTLGWCF
7292,7292,3vxs,T,E,99,TRB,RYPLTLGWCF
7293,7293,3vxs,G,E,100,TRB,RYPLTLGWCF
7294,7294,3vxs,E,E,101,TRB,RYPLTLGWCF
7295,7295,3vxs,L,E,102,TRB,RYPLTLGWCF
7296,7296,3vxs,F,E,103,TRB,RYPLTLGWCF
7297,7297,3vxs,F,E,104,TRB,RYPLTLGWCF
471,471,2f54,C,D,89,TRA,SLLMWITQC
472,472,2f54,A,D,90,TRA,SLLMWITQC
473,473,2f54,V,D,91,TRA,SLLMWITQC
474,474,2f54,R,D,92,TRA,SLLMWITQC
475,475,2f54,P,D,93,TRA,SLLMWITQC
476,476,2f54,T,D,94,TRA,SLLMWITQC
477,477,2f54,S,D,95,TRA,SLLMWITQC
478,478,2f54,G,D,96,TRA,SLLMWITQC
479,479,2f54,G,D,97,TRA,SLLMWITQC
480,480,2f54,S,D,98,TRA,SLLMWITQC
481,481,2f54,Y,D,99,TRA,SLLMWITQC
482,482,2f54,I,D,100,TRA,SLLMWITQC
483,483,2f54,P,D,101,TRA,SLLMWITQC
484,484,2f54,T,D,102,TRA,SLLMWITQC
485,485,2f54,F,D,103,TRA,SLLMWITQC
471,471,2f54,C,D,89,TRA,SLLMWITQC
472,472,2f54,A,D,90,TRA,SLLMWITQC
473,473,2f54,V,D,91,TRA,SLLMWITQC
474,474,2f54,R,D,92,TRA,SLLMWITQC
475,475,2f54,P,D,93,TRA,SLLMWITQC
476,476,2f54,T,D,94,TRA,SLLMWITQC
477,477,2f54,S,D,95,TRA,SLLMWITQC
478,478,2f54,G,D,96,TRA,SLLMWITQC
479,479,2f54,G,D,97,TRA,SLLMWITQC
480,480,2f54,S,D,98,TRA,SLLMWITQC
481,481,2f54,Y,D,99,TRA,SLLMWITQC
482,482,2f54,I,D,100,TRA,SLLMWITQC
483,483,2f54,P,D,101,TRA,SLLMWITQC
484,484,2f54,T,D,102,TRA,SLLMWITQC
485,485,2f54,F,D,103,TRA,SLLMWITQC
471,471,2f54,C,D,89,TRA,SLLMWITQC
472,472,2f54,A,D,90,TRA,SLLMWITQC
473,473,2f54,V,D,91,TRA,SLLMWITQC
474,474,2f54,R,D,92,TRA,SLLMWITQC
475,475,2f54,P,D,93,TRA,SLLMWITQC
476,476,2f54,T,D,94,TRA,SLLMWITQC
477,477,2f54,S,D,95,TRA,SLLMWITQC
478,478,2f54,G,D,96,TRA,SLLMWITQC
479,479,2f54,G,D,97,TRA,SLLMWITQC
480,480,2f54,S,D,98,TRA,SLLMWITQC
481,481,2f54,Y,D,99,TRA,SLLMWITQC
482,482,2f54,I,D,100,TRA,SLLMWITQC
483,483,2f54,P,D,101,TRA,SLLMWITQC
484,484,2f54,T,D,102,TRA,SLLMWITQC
485,485,2f54,F,D,103,TRA,SLLMWITQC
10409,10409,2p5e,C,D,90,TRA,SLLMWITQC
10410,10410,2p5e,A,D,91,TRA,SLLMWITQC
10411,10411,2p5e,V,D,92,TRA,SLLMWITQC
10412,10412,2p5e,R,D,93,TRA,SLLMWITQC
10413,10413,2p5e,P,D,94,TRA,SLLMWITQC
10414,10414,2p5e,L,D,95,TRA,SLLMWITQC
10415,10415,2p5e,L,D,96,TRA,SLLMWITQC
10416,10416,2p5e,D,D,97,TRA,SLLMWITQC
10417,10417,2p5e,G,D,98,TRA,SLLMWITQC
10418,10418,2p5e,T,D,99,TRA,SLLMWITQC
10419,10419,2p5e,Y,D,100,TRA,SLLMWITQC
10420,10420,2p5e,I,D,101,TRA,SLLMWITQC
10421,10421,2p5e,P,D,102,TRA,SLLMWITQC
10422,10422,2p5e,T,D,103,TRA,SLLMWITQC
10423,10423,2p5e,F,D,104,TRA,SLLMWITQC
10409,10409,2p5e,C,D,90,TRA,SLLMWITQC
10410,10410,2p5e,A,D,91,TRA,SLLMWITQC
10411,10411,2p5e,V,D,92,TRA,SLLMWITQC
10412,10412,2p5e,R,D,93,TRA,SLLMWITQC
10413,10413,2p5e,P,D,94,TRA,SLLMWITQC
10414,10414,2p5e,L,D,95,TRA,SLLMWITQC
10415,10415,2p5e,L,D,96,TRA,SLLMWITQC
10416,10416,2p5e,D,D,97,TRA,SLLMWITQC
10417,10417,2p5e,G,D,98,TRA,SLLMWITQC
10418,10418,2p5e,T,D,99,TRA,SLLMWITQC
10419,10419,2p5e,Y,D,100,TRA,SLLMWITQC
10420,10420,2p5e,I,D,101,TRA,SLLMWITQC
10421,10421,2p5e,P,D,102,TRA,SLLMWITQC
10422,10422,2p5e,T,D,103,TRA,SLLMWITQC
10423,10423,2p5e,F,D,104,TRA,SLLMWITQC
10409,10409,2p5e,C,D,90,TRA,SLLMWITQC
10410,10410,2p5e,A,D,91,TRA,SLLMWITQC
10411,10411,2p5e,V,D,92,TRA,SLLMWITQC
10412,10412,2p5e,R,D,93,TRA,SLLMWITQC
10413,10413,2p5e,P,D,94,TRA,SLLMWITQC
10414,10414,2p5e,L,D,95,TRA,SLLMWITQC
10415,10415,2p5e,L,D,96,TRA,SLLMWITQC
10416,10416,2p5e,D,D,97,TRA,SLLMWITQC
10417,10417,2p5e,G,D,98,TRA,SLLMWITQC
10418,10418,2p5e,T,D,99,TRA,SLLMWITQC
10419,10419,2p5e,Y,D,100,TRA,SLLMWITQC
10420,10420,2p5e,I,D,101,TRA,SLLMWITQC
10421,10421,2p5e,P,D,102,TRA,SLLMWITQC
10422,10422,2p5e,T,D,103,TRA,SLLMWITQC
10423,10423,2p5e,F,D,104,TRA,SLLMWITQC
676,676,2f54,C,E,89,TRB,SLLMWITQC
677,677,2f54,A,E,90,TRB,SLLMWITQC
678,678,2f54,S,E,91,TRB,SLLMWITQC
679,679,2f54,S,E,92,TRB,SLLMWITQC
680,680,2f54,Y,E,93,TRB,SLLMWITQC
681,681,2f54,V,E,94,TRB,SLLMWITQC
682,682,2f54,G,E,95,TRB,SLLMWITQC
683,683,2f54,N,E,96,TRB,SLLMWITQC
684,684,2f54,T,E,97,TRB,SLLMWITQC
685,685,2f54,G,E,98,TRB,SLLMWITQC
686,686,2f54,E,E,99,TRB,SLLMWITQC
687,687,2f54,L,E,100,TRB,SLLMWITQC
688,688,2f54,F,E,101,TRB,SLLMWITQC
689,689,2f54,F,E,102,TRB,SLLMWITQC
676,676,2f54,C,E,89,TRB,SLLMWITQC
677,677,2f54,A,E,90,TRB,SLLMWITQC
678,678,2f54,S,E,91,TRB,SLLMWITQC
679,679,2f54,S,E,92,TRB,SLLMWITQC
680,680,2f54,Y,E,93,TRB,SLLMWITQC
681,681,2f54,V,E,94,TRB,SLLMWITQC
682,682,2f54,G,E,95,TRB,SLLMWITQC
683,683,2f54,N,E,96,TRB,SLLMWITQC
684,684,2f54,T,E,97,TRB,SLLMWITQC
685,685,2f54,G,E,98,TRB,SLLMWITQC
686,686,2f54,E,E,99,TRB,SLLMWITQC
687,687,2f54,L,E,100,TRB,SLLMWITQC
688,688,2f54,F,E,101,TRB,SLLMWITQC
689,689,2f54,F,E,102,TRB,SLLMWITQC
676,676,2f54,C,E,89,TRB,SLLMWITQC
677,677,2f54,A,E,90,TRB,SLLMWITQC
678,678,2f54,S,E,91,TRB,SLLMWITQC
679,679,2f54,S,E,92,TRB,SLLMWITQC
680,680,2f54,Y,E,93,TRB,SLLMWITQC
681,681,2f54,V,E,94,TRB,SLLMWITQC
682,682,2f54,G,E,95,TRB,SLLMWITQC
683,683,2f54,N,E,96,TRB,SLLMWITQC
684,684,2f54,T,E,97,TRB,SLLMWITQC
685,685,2f54,G,E,98,TRB,SLLMWITQC
686,686,2f54,E,E,99,TRB,SLLMWITQC
687,687,2f54,L,E,100,TRB,SLLMWITQC
688,688,2f54,F,E,101,TRB,SLLMWITQC
689,689,2f54,F,E,102,TRB,SLLMWITQC
10601,10601,2p5e,C,E,89,TRB,SLLMWITQC
10602,10602,2p5e,A,E,90,TRB,SLLMWITQC
10603,10603,2p5e,S,E,91,TRB,SLLMWITQC
10604,10604,2p5e,S,E,92,TRB,SLLMWITQC
10605,10605,2p5e,Y,E,93,TRB,SLLMWITQC
10606,10606,2p5e,L,E,94,TRB,SLLMWITQC
10607,10607,2p5e,G,E,95,TRB,SLLMWITQC
10608,10608,2p5e,N,E,96,TRB,SLLMWITQC
10609,10609,2p5e,T,E,97,TRB,SLLMWITQC
10610,10610,2p5e,G,E,98,TRB,SLLMWITQC
10611,10611,2p5e,E,E,99,TRB,SLLMWITQC
10612,10612,2p5e,L,E,100,TRB,SLLMWITQC
10613,10613,2p5e,F,E,101,TRB,SLLMWITQC
10614,10614,2p5e,F,E,102,TRB,SLLMWITQC
10601,10601,2p5e,C,E,89,TRB,SLLMWITQC
10602,10602,2p5e,A,E,90,TRB,SLLMWITQC
10603,10603,2p5e,S,E,91,TRB,SLLMWITQC
10604,10604,2p5e,S,E,92,TRB,SLLMWITQC
10605,10605,2p5e,Y,E,93,TRB,SLLMWITQC
10606,10606,2p5e,L,E,94,TRB,SLLMWITQC
10607,10607,2p5e,G,E,95,TRB,SLLMWITQC
10608,10608,2p5e,N,E,96,TRB,SLLMWITQC
10609,10609,2p5e,T,E,97,TRB,SLLMWITQC
10610,10610,2p5e,G,E,98,TRB,SLLMWITQC
10611,10611,2p5e,E,E,99,TRB,SLLMWITQC
10612,10612,2p5e,L,E,100,TRB,SLLMWITQC
10613,10613,2p5e,F,E,101,TRB,SLLMWITQC
10614,10614,2p5e,F,E,102,TRB,SLLMWITQC
10601,10601,2p5e,C,E,89,TRB,SLLMWITQC
10602,10602,2p5e,A,E,90,TRB,SLLMWITQC
10603,10603,2p5e,S,E,91,TRB,SLLMWITQC
10604,10604,2p5e,S,E,92,TRB,SLLMWITQC
10605,10605,2p5e,Y,E,93,TRB,SLLMWITQC
10606,10606,2p5e,L,E,94,TRB,SLLMWITQC
10607,10607,2p5e,G,E,95,TRB,SLLMWITQC
10608,10608,2p5e,N,E,96,TRB,SLLMWITQC
10609,10609,2p5e,T,E,97,TRB,SLLMWITQC
10610,10610,2p5e,G,E,98,TRB,SLLMWITQC
10611,10611,2p5e,E,E,99,TRB,SLLMWITQC
10612,10612,2p5e,L,E,100,TRB,SLLMWITQC
10613,10613,2p5e,F,E,101,TRB,SLLMWITQC
10614,10614,2p5e,F,E,102,TRB,SLLMWITQC
471,471,2f54,C,D,89,TRA,SLLMWITQV
472,472,2f54,A,D,90,TRA,SLLMWITQV
473,473,2f54,V,D,91,TRA,SLLMWITQV
474,474,2f54,R,D,92,TRA,SLLMWITQV
475,475,2f54,P,D,93,TRA,SLLMWITQV
476,476,2f54,T,D,94,TRA,SLLMWITQV
477,477,2f54,S,D,95,TRA,SLLMWITQV
478,478,2f54,G,D,96,TRA,SLLMWITQV
479,479,2f54,G,D,97,TRA,SLLMWITQV
480,480,2f54,S,D,98,TRA,SLLMWITQV
481,481,2f54,Y,D,99,TRA,SLLMWITQV
482,482,2f54,I,D,100,TRA,SLLMWITQV
483,483,2f54,P,D,101,TRA,SLLMWITQV
484,484,2f54,T,D,102,TRA,SLLMWITQV
485,485,2f54,F,D,103,TRA,SLLMWITQV
676,676,2f54,C,E,89,TRB,SLLMWITQV
677,677,2f54,A,E,90,TRB,SLLMWITQV
678,678,2f54,S,E,91,TRB,SLLMWITQV
679,679,2f54,S,E,92,TRB,SLLMWITQV
680,680,2f54,Y,E,93,TRB,SLLMWITQV
681,681,2f54,V,E,94,TRB,SLLMWITQV
682,682,2f54,G,E,95,TRB,SLLMWITQV
683,683,2f54,N,E,96,TRB,SLLMWITQV
684,684,2f54,T,E,97,TRB,SLLMWITQV
685,685,2f54,G,E,98,TRB,SLLMWITQV
686,686,2f54,E,E,99,TRB,SLLMWITQV
687,687,2f54,L,E,100,TRB,SLLMWITQV
688,688,2f54,F,E,101,TRB,SLLMWITQV
689,689,2f54,F,E,102,TRB,SLLMWITQV
16171,16171,4mji,C,D,89,TRA,TAFTIPSI
16172,16172,4mji,A,D,90,TRA,TAFTIPSI
16173,16173,4mji,T,D,91,TRA,TAFTIPSI
16174,16174,4mji,D,D,92,TRA,TAFTIPSI
16175,16175,4mji,D,D,93,TRA,TAFTIPSI
16176,16176,4mji,D,D,94,TRA,TAFTIPSI
16177,16177,4mji,S,D,95,TRA,TAFTIPSI
16178,16178,4mji,A,D,96,TRA,TAFTIPSI
16179,16179,4mji,R,D,97,TRA,TAFTIPSI
16180,16180,4mji,Q,D,98,TRA,TAFTIPSI
16181,16181,4mji,L,D,99,TRA,TAFTIPSI
16182,16182,4mji,T,D,100,TRA,TAFTIPSI
16183,16183,4mji,F,D,101,TRA,TAFTIPSI
16371,16371,4mji,C,E,95,TRB,TAFTIPSI
16372,16372,4mji,A,E,96,TRB,TAFTIPSI
16373,16373,4mji,S,E,97,TRB,TAFTIPSI
16374,16374,4mji,S,E,98,TRB,TAFTIPSI
16375,16375,4mji,L,E,99,TRB,TAFTIPSI
16376,16376,4mji,T,E,100,TRB,TAFTIPSI
16377,16377,4mji,G,E,101,TRB,TAFTIPSI
16378,16378,4mji,G,E,102,TRB,TAFTIPSI
16379,16379,4mji,G,E,103,TRB,TAFTIPSI
16380,16380,4mji,E,E,104,TRB,TAFTIPSI
16381,16381,4mji,L,E,105,TRB,TAFTIPSI
16382,16382,4mji,F,E,106,TRB,TAFTIPSI
16383,16383,4mji,F,E,107,TRB,TAFTIPSI
42312,42312,2esv,C,D,89,TRA,VMAPRTLIL
42313,42313,2esv,I,D,90,TRA,VMAPRTLIL
42314,42314,2esv,V,D,91,TRA,VMAPRTLIL
42315,42315,2esv,V,D,92,TRA,VMAPRTLIL
42316,42316,2esv,R,D,93,TRA,VMAPRTLIL
42317,42317,2esv,S,D,94,TRA,VMAPRTLIL
42318,42318,2esv,S,D,95,TRA,VMAPRTLIL
42319,42319,2esv,N,D,96,TRA,VMAPRTLIL
42320,42320,2esv,T,D,97,TRA,VMAPRTLIL
42321,42321,2esv,G,D,98,TRA,VMAPRTLIL
42322,42322,2esv,K,D,102,TRA,VMAPRTLIL
42323,42323,2esv,L,D,103,TRA,VMAPRTLIL
42324,42324,2esv,I,D,104,TRA,VMAPRTLIL
42325,42325,2esv,F,D,105,TRA,VMAPRTLIL
42515,42515,2esv,C,E,92,TRB,VMAPRTLIL
42516,42516,2esv,A,E,93,TRB,VMAPRTLIL
42517,42517,2esv,S,E,94,TRB,VMAPRTLIL
42518,42518,2esv,S,E,95,TRB,VMAPRTLIL
42519,42519,2esv,Q,E,96,TRB,VMAPRTLIL
42520,42520,2esv,D,E,97,TRB,VMAPRTLIL
42521,42521,2esv,R,E,98,TRB,VMAPRTLIL
42522,42522,2esv,D,E,99,TRB,VMAPRTLIL
42523,42523,2esv,T,E,105,TRB,VMAPRTLIL
42524,42524,2esv,Q,E,106,TRB,VMAPRTLIL
42525,42525,2esv,Y,E,107,TRB,VMAPRTLIL
42526,42526,2esv,F,E,108,TRB,VMAPRTLIL
7922,7922,5eu6,C,D,91,TRA,YLEPGPVTA
7923,7923,5eu6,A,D,92,TRA,YLEPGPVTA
7924,7924,5eu6,V,D,93,TRA,YLEPGPVTA
7925,7925,5eu6,L,D,94,TRA,YLEPGPVTA
7926,7926,5eu6,S,D,95,TRA,YLEPGPVTA
7927,7927,5eu6,S,D,96,TRA,YLEPGPVTA
7928,7928,5eu6,G,D,97,TRA,YLEPGPVTA
7929,7929,5eu6,G,D,98,TRA,YLEPGPVTA
7930,7930,5eu6,S,D,99,TRA,YLEPGPVTA
7931,7931,5eu6,N,D,100,TRA,YLEPGPVTA
7932,7932,5eu6,Y,D,101,TRA,YLEPGPVTA
7933,7933,5eu6,K,D,102,TRA,YLEPGPVTA
7934,7934,5eu6,L,D,103,TRA,YLEPGPVTA
7935,7935,5eu6,T,D,104,TRA,YLEPGPVTA
7936,7936,5eu6,F,D,105,TRA,YLEPGPVTA
8127,8127,5eu6,C,E,93,TRB,YLEPGPVTA
8128,8128,5eu6,A,E,94,TRB,YLEPGPVTA
8129,8129,5eu6,S,E,95,TRB,YLEPGPVTA
8130,8130,5eu6,S,E,96,TRB,YLEPGPVTA
8131,8131,5eu6,F,E,97,TRB,YLEPGPVTA
8132,8132,5eu6,I,E,98,TRB,YLEPGPVTA
8133,8133,5eu6,G,E,99,TRB,YLEPGPVTA
8134,8134,5eu6,G,E,100,TRB,YLEPGPVTA
8135,8135,5eu6,T,E,101,TRB,YLEPGPVTA
8136,8136,5eu6,D,E,102,TRB,YLEPGPVTA
8137,8137,5eu6,T,E,103,TRB,YLEPGPVTA
8138,8138,5eu6,Q,E,104,TRB,YLEPGPVTA
8139,8139,5eu6,Y,E,105,TRB,YLEPGPVTA
8140,8140,5eu6,F,E,106,TRB,YLEPGPVTA
