,Unnamed: 0,PDB,Residue,Chain,Residue no.,Gene,Epitope,H bonded,Lig. residue,Lig. residue no.,Lig. chain,Distance
112,112,3hg1,T,E,96,TRB,ELAGIGILTV,N,T,9,C,3.5
113,113,3hg1,L,E,98,TRB,ELAGIGILTV,Y,I,7,C,3.04
114,114,3hg1,L,E,98,TRB,ELAGIGILTV,N,A,3,C,3.32
115,115,3hg1,L,E,98,TRB,ELAGIGILTV,N,G,4,C,3.85
116,116,3hg1,L,E,98,TRB,ELAGIGILTV,N,I,5,C,3.63
117,117,3hg1,L,E,98,TRB,ELAGIGILTV,N,G,6,C,3.66
118,118,3hg1,L,E,98,TRB,ELAGIGILTV,N,I,7,C,3.44
119,119,3hg1,G,E,99,TRB,ELAGIGILTV,N,G,4,C,3.72
120,120,3hg1,G,E,99,TRB,ELAGIGILTV,N,I,5,C,3.88
121,121,3hg1,G,E,99,TRB,ELAGIGILTV,N,G,6,C,3.72
122,122,3hg1,G,E,99,TRB,ELAGIGILTV,N,I,7,C,3.47
123,123,3hg1,G,E,99,TRB,ELAGIGILTV,N,L,8,C,3.82
124,124,3qdg,L,E,98,TRB,ELAGIGILTV,N,L,8,C,3.88
125,125,3qdg,S,E,99,TRB,ELAGIGILTV,N,I,7,C,3.54
126,126,3qdg,S,E,99,TRB,ELAGIGILTV,N,L,8,C,3.76
127,127,3qdg,F,E,100,TRB,ELAGIGILTV,N,A,3,C,3.78
128,128,3qdg,F,E,100,TRB,ELAGIGILTV,N,G,4,C,3.4
129,129,3qdg,F,E,100,TRB,ELAGIGILTV,N,I,7,C,3.77
130,130,3qdg,G,E,101,TRB,ELAGIGILTV,N,G,4,C,3.64
131,131,3qdg,G,E,101,TRB,ELAGIGILTV,N,I,5,C,3.77
132,132,3qdm,E,E,95,TRB,ELAGIGILTV,N,L,8,C,3.88
133,133,3qdm,V,E,96,TRB,ELAGIGILTV,Y,T,9,C,3.03
134,134,3qdm,V,E,96,TRB,ELAGIGILTV,N,L,8,C,3.69
135,135,3qdm,V,E,96,TRB,ELAGIGILTV,N,T,9,C,3.03
136,136,3qdm,G,E,97,TRB,ELAGIGILTV,N,I,7,C,3.26
137,137,3qdm,V,E,98,TRB,ELAGIGILTV,Y,I,7,C,2.96
138,138,3qdm,V,E,98,TRB,ELAGIGILTV,N,G,4,C,3.73
139,139,3qdm,V,E,98,TRB,ELAGIGILTV,N,I,5,C,3.44
140,140,3qdm,V,E,98,TRB,ELAGIGILTV,N,G,6,C,3.87
141,141,3qdm,V,E,98,TRB,ELAGIGILTV,N,I,7,C,2.96
142,142,3qdm,G,E,99,TRB,ELAGIGILTV,N,G,4,C,3.63
143,143,3qdm,Q,E,100,TRB,ELAGIGILTV,N,I,7,C,3.56
144,144,4jff,T,E,96,TRB,ELAGIGILTV,Y,T,9,C,2.95
145,145,4jff,T,E,96,TRB,ELAGIGILTV,N,T,9,C,3.84
146,146,4jff,G,E,97,TRB,ELAGIGILTV,N,I,7,C,3.29
147,147,4jff,L,E,98,TRB,ELAGIGILTV,Y,I,7,C,3.06
148,148,4jff,L,E,98,TRB,ELAGIGILTV,N,A,3,C,3.4
149,149,4jff,L,E,98,TRB,ELAGIGILTV,N,G,4,C,3.87
150,150,4jff,L,E,98,TRB,ELAGIGILTV,N,I,5,C,3.24
151,151,4jff,L,E,98,TRB,ELAGIGILTV,N,G,6,C,3.11
152,152,4jff,L,E,98,TRB,ELAGIGILTV,N,I,7,C,3.06
153,153,4jff,G,E,99,TRB,ELAGIGILTV,N,L,8,C,3.86
154,154,4jff,M,E,100,TRB,ELAGIGILTV,N,I,5,C,3.67
155,155,4l3e,W,E,98,TRB,ELAGIGILTV,N,L,8,C,3.87
156,156,4l3e,S,E,99,TRB,ELAGIGILTV,N,I,7,C,3.27
157,157,4l3e,F,E,100,TRB,ELAGIGILTV,N,G,4,C,3.36
158,158,4l3e,F,E,100,TRB,ELAGIGILTV,N,I,7,C,3.73
159,159,4l3e,G,E,101,TRB,ELAGIGILTV,N,G,4,C,3.63
160,160,4l3e,G,E,101,TRB,ELAGIGILTV,N,I,5,C,3.55
228,228,6vqo,L,D,94,TRA,HMTEVVRHC,N,E,4,P,3.85
229,229,6vqo,L,D,94,TRA,HMTEVVRHC,N,V,6,P,3.87
230,230,6vqo,S,D,98,TRA,HMTEVVRHC,Y,H,8,P,3.14
231,231,6vqo,S,D,98,TRA,HMTEVVRHC,N,H,8,P,3.14
232,232,6vqo,Y,D,100,TRA,HMTEVVRHC,Y,E,4,P,2.47
233,233,6vqo,Y,D,100,TRA,HMTEVVRHC,N,E,4,P,3.88
234,234,6vqo,Y,D,100,TRA,HMTEVVRHC,N,V,5,P,3.67
235,235,6vqo,Y,D,100,TRA,HMTEVVRHC,N,V,6,P,3.41
236,236,6vqo,Q,E,96,TRB,HMTEVVRHC,Y,R,7,P,3.16
237,237,6vqo,Q,E,96,TRB,HMTEVVRHC,Y,H,8,P,3.3
238,238,6vqo,Q,E,96,TRB,HMTEVVRHC,N,R,7,P,3.84
239,239,6vqo,Q,E,96,TRB,HMTEVVRHC,N,H,8,P,3.86
240,240,6vqo,Q,E,97,TRB,HMTEVVRHC,Y,H,8,P,2.85
241,241,6vqo,Q,E,97,TRB,HMTEVVRHC,Y,V,6,P,3.02
242,242,6vqo,Q,E,97,TRB,HMTEVVRHC,N,H,8,P,3.66
243,243,6vqo,Q,E,97,TRB,HMTEVVRHC,N,R,7,P,3.45
244,244,6vqo,Q,E,97,TRB,HMTEVVRHC,N,V,6,P,3.02
245,245,6vqo,A,E,99,TRB,HMTEVVRHC,N,R,7,P,3.46
246,246,6vqo,D,E,100,TRB,HMTEVVRHC,Y,R,7,P,3.02
247,247,6vqo,D,E,100,TRB,HMTEVVRHC,N,R,7,P,3.61
248,248,6vrm,G,D,93,TRA,HMTEVVRHC,N,E,4,P,3.31
249,249,6vrm,G,D,94,TRA,HMTEVVRHC,Y,E,4,P,3.1
250,250,6vrm,G,D,94,TRA,HMTEVVRHC,N,E,4,P,3.1
251,251,6vrm,E,E,95,TRB,HMTEVVRHC,N,H,8,P,3.72
252,252,6vrm,G,E,96,TRB,HMTEVVRHC,N,H,8,P,3.62
253,253,6vrm,W,E,98,TRB,HMTEVVRHC,Y,H,8,P,2.78
254,254,6vrm,W,E,98,TRB,HMTEVVRHC,N,H,8,P,3.51
255,255,6vrm,Q,E,99,TRB,HMTEVVRHC,Y,H,8,P,3.01
256,256,6vrm,Q,E,99,TRB,HMTEVVRHC,N,V,6,P,3.43
257,257,6vrm,Q,E,99,TRB,HMTEVVRHC,N,H,8,P,3.9
258,258,6vrm,Q,E,99,TRB,HMTEVVRHC,N,R,7,P,3.88
259,259,6vrm,V,E,100,TRB,HMTEVVRHC,Y,V,6,P,2.96
260,260,6vrm,V,E,100,TRB,HMTEVVRHC,Y,R,7,P,2.72
261,261,6vrm,V,E,100,TRB,HMTEVVRHC,N,V,6,P,2.96
262,262,6vrm,V,E,100,TRB,HMTEVVRHC,N,R,7,P,3.77
263,263,6vrm,V,E,100,TRB,HMTEVVRHC,N,E,4,P,3.63
264,264,6vrm,G,E,101,TRB,HMTEVVRHC,Y,R,7,P,2.95
265,265,6vrm,G,E,101,TRB,HMTEVVRHC,N,R,7,P,3.61
266,266,6vrm,E,E,103,TRB,HMTEVVRHC,Y,R,7,P,3.07
267,267,6vrm,E,E,103,TRB,HMTEVVRHC,N,R,7,P,3.8
268,268,6vrn,Y,D,97,TRA,HMTEVVRHC,Y,R,7,P,2.74
269,269,6vrn,Y,D,97,TRA,HMTEVVRHC,N,R,7,P,3.81
270,270,6vrn,S,D,98,TRA,HMTEVVRHC,Y,E,4,P,2.59
271,271,6vrn,S,D,98,TRA,HMTEVVRHC,N,E,4,P,3.16
272,272,6vrn,S,D,98,TRA,HMTEVVRHC,N,V,6,P,3.44
273,273,6vrn,Y,D,103,TRA,HMTEVVRHC,Y,H,8,P,2.93
274,274,6vrn,Y,D,103,TRA,HMTEVVRHC,N,H,8,P,3.56
275,275,6vrn,Y,D,103,TRA,HMTEVVRHC,N,R,7,P,3.62
276,276,6vrn,L,E,96,TRB,HMTEVVRHC,Y,R,7,P,3.03
277,277,6vrn,L,E,96,TRB,HMTEVVRHC,N,R,7,P,3.03
278,278,6vrn,V,E,97,TRB,HMTEVVRHC,Y,R,7,P,3.15
279,279,6vrn,V,E,97,TRB,HMTEVVRHC,N,R,7,P,3.15
280,280,6vrn,T,E,98,TRB,HMTEVVRHC,N,R,7,P,3.51
387,387,1bd2,M,D,93,TRA,LLFGYPVYV,N,Y,5,C,3.42
388,388,1bd2,G,D,95,TRA,LLFGYPVYV,N,G,4,C,3.68
389,389,1bd2,G,D,95,TRA,LLFGYPVYV,N,Y,5,C,3.86
390,390,1bd2,A,D,96,TRA,LLFGYPVYV,Y,G,4,C,3.05
391,391,1bd2,A,D,96,TRA,LLFGYPVYV,N,G,4,C,3.05
392,392,1bd2,A,D,96,TRA,LLFGYPVYV,N,Y,5,C,3.46
393,393,1bd2,Y,E,96,TRB,LLFGYPVYV,N,Y,8,C,3.87
394,394,1bd2,G,E,98,TRB,LLFGYPVYV,Y,Y,8,C,2.8
395,395,1bd2,G,E,98,TRB,LLFGYPVYV,N,P,6,C,3.74
396,396,1bd2,G,E,98,TRB,LLFGYPVYV,N,V,7,C,3.55
397,397,1bd2,G,E,98,TRB,LLFGYPVYV,N,Y,8,C,3.81
398,398,1bd2,Y,E,104,TRB,LLFGYPVYV,N,Y,5,C,3.66
399,399,1bd2,Y,E,104,TRB,LLFGYPVYV,N,V,7,C,3.77
400,400,1qsf,T,D,93,TRA,LLFGYPVYV,N,Y,5,C,3.83
401,401,1qsf,T,D,93,TRA,LLFGYPVYV,N,Y,5,C,3.83
402,402,1qsf,D,D,99,TRA,LLFGYPVYV,N,G,4,C,3.63
403,403,1qsf,D,D,99,TRA,LLFGYPVYV,N,G,4,C,3.63
404,404,1qsf,S,D,100,TRA,LLFGYPVYV,Y,G,4,C,2.92
405,405,1qsf,S,D,100,TRA,LLFGYPVYV,N,G,4,C,2.92
406,406,1qsf,S,D,100,TRA,LLFGYPVYV,N,Y,5,C,3.82
407,407,1qsf,S,D,100,TRA,LLFGYPVYV,Y,G,4,C,2.92
408,408,1qsf,S,D,100,TRA,LLFGYPVYV,N,G,4,C,2.92
409,409,1qsf,S,D,100,TRA,LLFGYPVYV,N,Y,5,C,3.82
410,410,1qsf,G,E,100,TRB,LLFGYPVYV,N,V,7,C,3.84
411,411,1qsf,P,E,103,TRB,LLFGYPVYV,N,Y,5,C,3.84
412,412,4ftv,R,E,95,TRB,LLFGYPVYV,N,Y,5,C,3.63
413,413,4ftv,L,E,98,TRB,LLFGYPVYV,N,P,6,C,3.82
414,414,4ftv,L,E,98,TRB,LLFGYPVYV,N,V,7,C,3.3
415,415,4ftv,L,E,98,TRB,LLFGYPVYV,N,Y,8,C,3.48
416,416,4ftv,M,E,99,TRB,LLFGYPVYV,N,V,7,C,3.69
417,417,4ftv,S,E,100,TRB,LLFGYPVYV,N,V,7,C,3.9
418,418,4ftv,A,E,101,TRB,LLFGYPVYV,N,Y,5,C,3.81
419,419,4ftv,A,E,101,TRB,LLFGYPVYV,N,V,7,C,3.48
420,420,4ftv,P,E,103,TRB,LLFGYPVYV,N,Y,5,C,3.7
